success_probability,delay_slots,capacity,capacity_ratio,method,post_change_slot,independent_seeds,cumulative_excess_pct_mean,cumulative_excess_pct_ci_low,cumulative_excess_pct_ci_high
0.9,0,2,0.1,cumulative_ucb_cv,10,12,25.301213213865935,14.44166281587697,36.160763611854904
0.9,0,2,0.1,cumulative_ucb_cv,20,12,29.29235497955156,21.246511296397195,37.33819866270593
0.9,0,2,0.1,cumulative_ucb_cv,30,12,28.34663509877713,23.301139772420754,33.39213042513351
0.9,0,2,0.1,cumulative_ucb_cv,40,12,26.022829346266278,21.29689049752872,30.748768195003834
0.9,0,2,0.1,cumulative_ucb_cv,50,12,24.294781882535137,20.448320522566416,28.141243242503858
0.9,0,2,0.1,cumulative_ucb_cv,60,12,23.487546165968435,20.423730041110847,26.551362290826024
0.9,0,2,0.1,cumulative_ucb_cv,70,12,22.348223924448828,20.008893495013606,24.68755435388405
0.9,0,2,0.1,cumulative_ucb_cv,80,12,21.68838790244003,19.22891438928313,24.147861415596932
0.9,0,2,0.1,cumulative_ucb_cv,90,12,21.528563673916636,19.19692745722149,23.86019989061178
0.9,0,2,0.1,cumulative_ucb_cv,100,12,19.97222103999501,17.66172225052982,22.2827198294602
0.9,0,2,0.1,cumulative_ucb_cv,110,12,20.034436961412855,17.903173018253344,22.165700904572365
0.9,0,2,0.1,cumulative_ucb_cv,120,12,19.687063502842232,17.50642170818972,21.867705297494744
0.9,0,2,0.1,cumulative_ucb_cv,130,12,19.383012091039195,17.386498169179735,21.379526012898655
0.9,0,2,0.1,cumulative_ucb_cv,140,12,19.12373733143929,17.23140226500554,21.016072397873042
0.9,0,2,0.1,cumulative_ucb_cv,150,12,18.664441896141017,16.536402864587394,20.79248092769464
0.9,0,2,0.1,cumulative_ucb_cv,160,12,18.7360871097815,16.75819615477878,20.71397806478422
0.9,0,2,0.1,cumulative_ucb_cv,170,12,18.52836257605665,16.594978487672755,20.461746664440547
0.9,0,2,0.1,cumulative_ucb_cv,180,12,18.551278020603856,16.592978947855805,20.509577093351908
0.9,0,2,0.1,cumulative_ucb_cv,190,12,18.226019889198188,16.41353393247559,20.038505845920785
0.9,0,2,0.1,cumulative_ucb_cv,200,12,17.59767690054336,15.842931202082472,19.352422599004246
0.9,0,2,0.1,cumulative_ucb_cv,210,12,17.134428454237213,15.433203869468528,18.835653039005898
0.9,0,2,0.1,cumulative_ucb_cv,220,12,16.81149795913296,15.143416234202835,18.479579684063086
0.9,0,2,0.1,cumulative_ucb_cv,230,12,16.452756433973235,14.879793901881598,18.025718966064872
0.9,0,2,0.1,cumulative_ucb_cv,240,12,16.265150707163624,14.738006574460924,17.792294839866322
0.9,0,2,0.1,cumulative_ucb_cv,250,12,16.401517873710578,14.96064752889681,17.842388218524345
0.9,0,2,0.1,cumulative_ucb_cv,260,12,16.18980515234023,14.722282331244918,17.657327973435542
0.9,0,2,0.1,cumulative_ucb_cv,270,12,16.01103520593837,14.617591998924297,17.404478412952443
0.9,0,2,0.1,cumulative_ucb_cv,280,12,16.117373851844373,14.615460870817198,17.61928683287155
0.9,0,2,0.1,cumulative_ucb_cv,290,12,16.209792537585358,14.641563314011629,17.778021761159085
0.9,0,2,0.1,cumulative_ucb_cv,300,12,16.096255038759683,14.449700924874806,17.74280915264456
0.9,0,2,0.1,cumulative_ucb_cv,310,12,15.906336042347599,14.221448281165038,17.59122380353016
0.9,0,2,0.1,cumulative_ucb_cv,320,12,15.679103517416358,14.040905295069178,17.317301739763536
0.9,0,2,0.1,cumulative_ucb_cv,330,12,15.450428907825463,13.745205705329886,17.155652110321043
0.9,0,2,0.1,cumulative_ucb_cv,340,12,15.181494787382228,13.58527538349222,16.777714191272235
0.9,0,2,0.1,cumulative_ucb_cv,350,12,15.020219523887734,13.443089715688844,16.597349332086626
0.9,0,2,0.1,cumulative_ucb_cv,360,12,14.931959152910844,13.30932969522302,16.554588610598667
0.9,0,2,0.1,cumulative_ucb_cv,370,12,14.750651780983128,13.155810517671549,16.34549304429471
0.9,0,2,0.1,cumulative_ucb_cv,380,12,14.788672706475248,13.131793000665294,16.445552412285203
0.9,0,2,0.1,cumulative_ucb_cv,390,12,14.530230948988931,12.81828488301312,16.242177014964742
0.9,0,2,0.1,cumulative_ucb_cv,400,12,14.277783403505914,12.524623200610865,16.030943606400964
0.9,0,2,0.1,sco_reset_ucb,10,12,25.28596593161733,14.357790657408517,36.214141205826145
0.9,0,2,0.1,sco_reset_ucb,20,12,29.229685284418526,21.163571886701238,37.29579868213581
0.9,0,2,0.1,sco_reset_ucb,30,12,28.62216038500402,23.752687160444374,33.491633609563664
0.9,0,2,0.1,sco_reset_ucb,40,12,26.25489767523541,21.63533919835694,30.874456152113876
0.9,0,2,0.1,sco_reset_ucb,50,12,24.47578890534191,20.672324984412263,28.27925282627156
0.9,0,2,0.1,sco_reset_ucb,60,12,23.7717056419786,20.821870435909258,26.72154084804794
0.9,0,2,0.1,sco_reset_ucb,70,12,22.06333004719616,19.744948509874582,24.38171158451774
0.9,0,2,0.1,sco_reset_ucb,80,12,21.27217310508084,18.88313949224981,23.661206717911867
0.9,0,2,0.1,sco_reset_ucb,90,12,20.475100103897354,18.083933721503644,22.866266486291064
0.9,0,2,0.1,sco_reset_ucb,100,12,18.614402007273267,16.291761181326248,20.937042833220286
0.9,0,2,0.1,sco_reset_ucb,110,12,18.09821792052109,15.938191391247075,20.258244449795107
0.9,0,2,0.1,sco_reset_ucb,120,12,17.441026777118886,15.199953992985348,19.68209956125242
0.9,0,2,0.1,sco_reset_ucb,130,12,16.529323066379508,14.566818025703796,18.49182810705522
0.9,0,2,0.1,sco_reset_ucb,140,12,15.847873511004105,13.93454863749803,17.76119838451018
0.9,0,2,0.1,sco_reset_ucb,150,12,15.150032032392,13.143922019244323,17.156142045539674
0.9,0,2,0.1,sco_reset_ucb,160,12,14.950061163433126,13.151703712085464,16.74841861478079
0.9,0,2,0.1,sco_reset_ucb,170,12,14.528222963433295,12.89862891623136,16.15781701063523
0.9,0,2,0.1,sco_reset_ucb,180,12,14.316016800038211,12.673564112266359,15.958469487810063
0.9,0,2,0.1,sco_reset_ucb,190,12,13.541914028289275,12.050194455201051,15.033633601377499
0.9,0,2,0.1,sco_reset_ucb,200,12,13.079889884304366,11.66048973107724,14.499290037531493
0.9,0,2,0.1,sco_reset_ucb,210,12,12.77364054826417,11.245105822284836,14.302175274243504
0.9,0,2,0.1,sco_reset_ucb,220,12,12.295229984370366,10.725578480514404,13.864881488226327
0.9,0,2,0.1,sco_reset_ucb,230,12,11.833848492308464,10.328867619533826,13.338829365083102
0.9,0,2,0.1,sco_reset_ucb,240,12,11.374779050039498,10.010061179147486,12.73949692093151
0.9,0,2,0.1,sco_reset_ucb,250,12,11.665266158460819,10.421779618897475,12.908752698024163
0.9,0,2,0.1,sco_reset_ucb,260,12,11.403376126987814,10.197804784652412,12.608947469323216
0.9,0,2,0.1,sco_reset_ucb,270,12,11.142747200523646,10.034829476942932,12.25066492410436
0.9,0,2,0.1,sco_reset_ucb,280,12,11.161215636511043,9.990617637320621,12.331813635701465
0.9,0,2,0.1,sco_reset_ucb,290,12,10.992591235059841,9.801673810944678,12.183508659175004
0.9,0,2,0.1,sco_reset_ucb,300,12,10.923125626493464,9.719742989762443,12.126508263224485
0.9,0,2,0.1,sco_reset_ucb,310,12,10.790093509493401,9.599776497767355,11.980410521219447
0.9,0,2,0.1,sco_reset_ucb,320,12,10.548657256830761,9.309553502229234,11.78776101143229
0.9,0,2,0.1,sco_reset_ucb,330,12,10.178196926500087,8.963749387181338,11.392644465818837
0.9,0,2,0.1,sco_reset_ucb,340,12,9.991461721482688,8.857850666507652,11.125072776457724
0.9,0,2,0.1,sco_reset_ucb,350,12,9.873205180547558,8.733085247462313,11.013325113632803
0.9,0,2,0.1,sco_reset_ucb,360,12,9.821759119851464,8.647438361898846,10.996079877804082
0.9,0,2,0.1,sco_reset_ucb,370,12,9.76801333680966,8.587460876894447,10.948565796724875
0.9,0,2,0.1,sco_reset_ucb,380,12,9.721261549944991,8.403193863259316,11.039329236630666
0.9,0,2,0.1,sco_reset_ucb,390,12,9.562729572701906,8.180647762191114,10.944811383212699
0.9,0,2,0.1,sco_reset_ucb,400,12,9.453829230693193,7.9835451679366525,10.924113293449734
0.9,0,2,0.1,ps_forced_reset_ucb,10,12,39.24077373596633,32.516727415548615,45.96482005638404
0.9,0,2,0.1,ps_forced_reset_ucb,20,12,32.677564912022156,28.03923400637499,37.31589581766932
0.9,0,2,0.1,ps_forced_reset_ucb,30,12,31.27758873320954,26.984584016874287,35.570593449544795
0.9,0,2,0.1,ps_forced_reset_ucb,40,12,29.237519193233314,24.714311480333546,33.76072690613309
0.9,0,2,0.1,ps_forced_reset_ucb,50,12,26.936479383698778,23.07469574089513,30.798263026502426
0.9,0,2,0.1,ps_forced_reset_ucb,60,12,28.126876470851197,25.403002064406078,30.850750877296317
0.9,0,2,0.1,ps_forced_reset_ucb,70,12,26.19205903211413,23.8449423313395,28.53917573288876
0.9,0,2,0.1,ps_forced_reset_ucb,80,12,24.663489609168654,22.49337581409464,26.833603404242666
0.9,0,2,0.1,ps_forced_reset_ucb,90,12,23.263780289870798,21.024905259252744,25.502655320488852
0.9,0,2,0.1,ps_forced_reset_ucb,100,12,21.607825760802267,19.374860791087457,23.840790730517078
0.9,0,2,0.1,ps_forced_reset_ucb,110,12,21.71355869391533,19.5107977259451,23.916319661885563
0.9,0,2,0.1,ps_forced_reset_ucb,120,12,20.389982435848655,18.372094505553708,22.4078703661436
0.9,0,2,0.1,ps_forced_reset_ucb,130,12,19.44278079024514,17.470162827664364,21.41539875282592
0.9,0,2,0.1,ps_forced_reset_ucb,140,12,18.598590911746864,16.76652869377096,20.430653129722767
0.9,0,2,0.1,ps_forced_reset_ucb,150,12,17.847754125101265,16.020603108882568,19.67490514131996
0.9,0,2,0.1,ps_forced_reset_ucb,160,12,18.05978296787291,16.422870552747483,19.696695382998335
0.9,0,2,0.1,ps_forced_reset_ucb,170,12,17.22295532248507,15.759923061456671,18.68598758351347
0.9,0,2,0.1,ps_forced_reset_ucb,180,12,16.958235351431853,15.60633738603136,18.310133316832346
0.9,0,2,0.1,ps_forced_reset_ucb,190,12,16.151144285927703,14.990158142969673,17.312130428885734
0.9,0,2,0.1,ps_forced_reset_ucb,200,12,15.347021942547807,14.162593827810001,16.531450057285614
0.9,0,2,0.1,ps_forced_reset_ucb,210,12,15.506664518899315,14.202460093465927,16.810868944332704
0.9,0,2,0.1,ps_forced_reset_ucb,220,12,14.957837491590281,13.533542187805239,16.382132795375323
0.9,0,2,0.1,ps_forced_reset_ucb,230,12,14.387991008733552,13.077687192717747,15.698294824749357
0.9,0,2,0.1,ps_forced_reset_ucb,240,12,13.965551945822696,12.752313346582236,15.178790545063157
0.9,0,2,0.1,ps_forced_reset_ucb,250,12,14.03301126940172,12.888676593967451,15.17734594483599
0.9,0,2,0.1,ps_forced_reset_ucb,260,12,14.177253063243,12.950726621491887,15.403779504994114
0.9,0,2,0.1,ps_forced_reset_ucb,270,12,13.941560929167716,12.830772195177559,15.052349663157873
0.9,0,2,0.1,ps_forced_reset_ucb,280,12,13.785466028921027,12.639483694658635,14.931448363183419
0.9,0,2,0.1,ps_forced_reset_ucb,290,12,13.617515429899456,12.514047668882247,14.720983190916664
0.9,0,2,0.1,ps_forced_reset_ucb,300,12,13.354724943467941,12.126179400697847,14.583270486238035
0.9,0,2,0.1,ps_forced_reset_ucb,310,12,13.535969038907373,12.238720609365565,14.833217468449181
0.9,0,2,0.1,ps_forced_reset_ucb,320,12,13.191782481398166,11.849961672684213,14.533603290112119
0.9,0,2,0.1,ps_forced_reset_ucb,330,12,12.868683771709762,11.57867661185731,14.158690931562214
0.9,0,2,0.1,ps_forced_reset_ucb,340,12,12.633522656758947,11.446374999871324,13.82067031364657
0.9,0,2,0.1,ps_forced_reset_ucb,350,12,12.418071661996967,11.284655247867352,13.551488076126581
0.9,0,2,0.1,ps_forced_reset_ucb,360,12,12.491139380033639,11.27223999412356,13.710038765943718
0.9,0,2,0.1,ps_forced_reset_ucb,370,12,12.223210202409502,10.96279098773501,13.483629417083995
0.9,0,2,0.1,ps_forced_reset_ucb,380,12,12.147904078717213,10.83584504092095,13.459963116513476
0.9,0,2,0.1,ps_forced_reset_ucb,390,12,11.970721621653473,10.593335645656387,13.348107597650559
0.9,0,2,0.1,ps_forced_reset_ucb,400,12,11.778458116282657,10.329468883317455,13.227447349247859
0.9,0,2,0.1,inflight_sco_ucb,10,12,25.28596593161733,14.357790657408517,36.214141205826145
0.9,0,2,0.1,inflight_sco_ucb,20,12,29.229685284418526,21.163571886701238,37.29579868213581
0.9,0,2,0.1,inflight_sco_ucb,30,12,28.62216038500402,23.752687160444374,33.491633609563664
0.9,0,2,0.1,inflight_sco_ucb,40,12,26.25489767523541,21.63533919835694,30.874456152113876
0.9,0,2,0.1,inflight_sco_ucb,50,12,24.47578890534191,20.672324984412263,28.27925282627156
0.9,0,2,0.1,inflight_sco_ucb,60,12,23.7717056419786,20.821870435909258,26.72154084804794
0.9,0,2,0.1,inflight_sco_ucb,70,12,22.06333004719616,19.744948509874582,24.38171158451774
0.9,0,2,0.1,inflight_sco_ucb,80,12,21.27217310508084,18.88313949224981,23.661206717911867
0.9,0,2,0.1,inflight_sco_ucb,90,12,20.475100103897354,18.083933721503644,22.866266486291064
0.9,0,2,0.1,inflight_sco_ucb,100,12,18.614402007273267,16.291761181326248,20.937042833220286
0.9,0,2,0.1,inflight_sco_ucb,110,12,18.09821792052109,15.938191391247075,20.258244449795107
0.9,0,2,0.1,inflight_sco_ucb,120,12,17.441026777118886,15.199953992985348,19.68209956125242
0.9,0,2,0.1,inflight_sco_ucb,130,12,16.529323066379508,14.566818025703796,18.49182810705522
0.9,0,2,0.1,inflight_sco_ucb,140,12,15.847873511004105,13.93454863749803,17.76119838451018
0.9,0,2,0.1,inflight_sco_ucb,150,12,15.150032032392,13.143922019244323,17.156142045539674
0.9,0,2,0.1,inflight_sco_ucb,160,12,14.950061163433126,13.151703712085464,16.74841861478079
0.9,0,2,0.1,inflight_sco_ucb,170,12,14.528222963433295,12.89862891623136,16.15781701063523
0.9,0,2,0.1,inflight_sco_ucb,180,12,14.316016800038211,12.673564112266359,15.958469487810063
0.9,0,2,0.1,inflight_sco_ucb,190,12,13.541914028289275,12.050194455201051,15.033633601377499
0.9,0,2,0.1,inflight_sco_ucb,200,12,13.079889884304366,11.66048973107724,14.499290037531493
0.9,0,2,0.1,inflight_sco_ucb,210,12,12.77364054826417,11.245105822284836,14.302175274243504
0.9,0,2,0.1,inflight_sco_ucb,220,12,12.295229984370366,10.725578480514404,13.864881488226327
0.9,0,2,0.1,inflight_sco_ucb,230,12,11.833848492308464,10.328867619533826,13.338829365083102
0.9,0,2,0.1,inflight_sco_ucb,240,12,11.374779050039498,10.010061179147486,12.73949692093151
0.9,0,2,0.1,inflight_sco_ucb,250,12,11.665266158460819,10.421779618897475,12.908752698024163
0.9,0,2,0.1,inflight_sco_ucb,260,12,11.403376126987814,10.197804784652412,12.608947469323216
0.9,0,2,0.1,inflight_sco_ucb,270,12,11.142747200523646,10.034829476942932,12.25066492410436
0.9,0,2,0.1,inflight_sco_ucb,280,12,11.161215636511043,9.990617637320621,12.331813635701465
0.9,0,2,0.1,inflight_sco_ucb,290,12,10.992591235059841,9.801673810944678,12.183508659175004
0.9,0,2,0.1,inflight_sco_ucb,300,12,10.923125626493464,9.719742989762443,12.126508263224485
0.9,0,2,0.1,inflight_sco_ucb,310,12,10.790093509493401,9.599776497767355,11.980410521219447
0.9,0,2,0.1,inflight_sco_ucb,320,12,10.548657256830761,9.309553502229234,11.78776101143229
0.9,0,2,0.1,inflight_sco_ucb,330,12,10.178196926500087,8.963749387181338,11.392644465818837
0.9,0,2,0.1,inflight_sco_ucb,340,12,9.991461721482688,8.857850666507652,11.125072776457724
0.9,0,2,0.1,inflight_sco_ucb,350,12,9.873205180547558,8.733085247462313,11.013325113632803
0.9,0,2,0.1,inflight_sco_ucb,360,12,9.821759119851464,8.647438361898846,10.996079877804082
0.9,0,2,0.1,inflight_sco_ucb,370,12,9.76801333680966,8.587460876894447,10.948565796724875
0.9,0,2,0.1,inflight_sco_ucb,380,12,9.721261549944991,8.403193863259316,11.039329236630666
0.9,0,2,0.1,inflight_sco_ucb,390,12,9.562729572701906,8.180647762191114,10.944811383212699
0.9,0,2,0.1,inflight_sco_ucb,400,12,9.453829230693193,7.9835451679366525,10.924113293449734
0.9,1,2,0.1,cumulative_ucb_cv,10,12,31.436622886609296,22.67322630629141,40.20001946692718
0.9,1,2,0.1,cumulative_ucb_cv,20,12,32.236360590215966,26.14437274131246,38.32834843911947
0.9,1,2,0.1,cumulative_ucb_cv,30,12,28.635629116210684,23.968936599381202,33.302321633040165
0.9,1,2,0.1,cumulative_ucb_cv,40,12,28.527160978648038,23.944342262017727,33.10997969527835
0.9,1,2,0.1,cumulative_ucb_cv,50,12,27.2664674120593,22.638807757925058,31.89412706619354
0.9,1,2,0.1,cumulative_ucb_cv,60,12,26.49911258949757,22.280358521460695,30.717866657534447
0.9,1,2,0.1,cumulative_ucb_cv,70,12,25.796788249780107,21.675489131749114,29.9180873678111
0.9,1,2,0.1,cumulative_ucb_cv,80,12,24.527620911178555,20.93323631859571,28.1220055037614
0.9,1,2,0.1,cumulative_ucb_cv,90,12,23.556728114844404,20.32047007830742,26.79298615138139
0.9,1,2,0.1,cumulative_ucb_cv,100,12,22.847886230481368,19.592741716285527,26.10303074467721
0.9,1,2,0.1,cumulative_ucb_cv,110,12,22.81846689674873,19.629855026121923,26.00707876737554
0.9,1,2,0.1,cumulative_ucb_cv,120,12,22.103826471493207,19.246856141880635,24.96079680110578
0.9,1,2,0.1,cumulative_ucb_cv,130,12,21.722215098747053,18.924644930530526,24.51978526696358
0.9,1,2,0.1,cumulative_ucb_cv,140,12,21.23818878598843,18.71903761274522,23.757339959231643
0.9,1,2,0.1,cumulative_ucb_cv,150,12,20.964456750240668,18.575376174346857,23.35353732613448
0.9,1,2,0.1,cumulative_ucb_cv,160,12,20.40997704157246,18.14668694026917,22.67326714287575
0.9,1,2,0.1,cumulative_ucb_cv,170,12,19.948934544357694,17.616147110559748,22.28172197815564
0.9,1,2,0.1,cumulative_ucb_cv,180,12,19.435842438877085,17.41223828551418,21.45944659223999
0.9,1,2,0.1,cumulative_ucb_cv,190,12,19.250156509453916,17.402808109184974,21.097504909722858
0.9,1,2,0.1,cumulative_ucb_cv,200,12,18.727118992790988,16.854430697297488,20.599807288284488
0.9,1,2,0.1,cumulative_ucb_cv,210,12,18.04524995854236,16.17289640561929,19.91760351146543
0.9,1,2,0.1,cumulative_ucb_cv,220,12,17.8356502473523,16.080499787206605,19.590800707497998
0.9,1,2,0.1,cumulative_ucb_cv,230,12,17.40222908123096,15.71505088940508,19.08940727305684
0.9,1,2,0.1,cumulative_ucb_cv,240,12,17.652603043842017,16.087796940386237,19.217409147297797
0.9,1,2,0.1,cumulative_ucb_cv,250,12,17.58102613269035,15.95753277772361,19.20451948765709
0.9,1,2,0.1,cumulative_ucb_cv,260,12,17.369907885136826,15.772618305999066,18.967197464274584
0.9,1,2,0.1,cumulative_ucb_cv,270,12,17.24994337186786,15.567693676557298,18.932193067178424
0.9,1,2,0.1,cumulative_ucb_cv,280,12,17.302768960937048,15.5974896503423,19.008048271531795
0.9,1,2,0.1,cumulative_ucb_cv,290,12,17.381520188609475,15.702697573570438,19.060342803648513
0.9,1,2,0.1,cumulative_ucb_cv,300,12,17.237249703230088,15.539207534664786,18.93529187179539
0.9,1,2,0.1,cumulative_ucb_cv,310,12,17.201633729217694,15.46697825860858,18.936289199826806
0.9,1,2,0.1,cumulative_ucb_cv,320,12,17.012749249906683,15.249064958989978,18.77643354082339
0.9,1,2,0.1,cumulative_ucb_cv,330,12,16.869021914598676,15.153873108053206,18.584170721144147
0.9,1,2,0.1,cumulative_ucb_cv,340,12,16.555072232429385,14.795957416030308,18.31418704882846
0.9,1,2,0.1,cumulative_ucb_cv,350,12,16.400339471195295,14.68356882099008,18.11711012140051
0.9,1,2,0.1,cumulative_ucb_cv,360,12,16.417739334531912,14.595226721339872,18.240251947723955
0.9,1,2,0.1,cumulative_ucb_cv,370,12,16.153220948571484,14.32194696560969,17.984494931533277
0.9,1,2,0.1,cumulative_ucb_cv,380,12,15.965337856493877,14.14610800933639,17.784567703651362
0.9,1,2,0.1,cumulative_ucb_cv,390,12,15.878758487139963,14.111161052442586,17.64635592183734
0.9,1,2,0.1,cumulative_ucb_cv,400,12,15.767257255336313,14.03734421372406,17.497170296948568
0.9,1,2,0.1,sco_reset_ucb,10,12,31.175321011908924,22.506719869796513,39.843922154021335
0.9,1,2,0.1,sco_reset_ucb,20,12,32.47998016876779,26.22484847078772,38.73511186674786
0.9,1,2,0.1,sco_reset_ucb,30,12,28.874422431316887,24.161013509251624,33.58783135338215
0.9,1,2,0.1,sco_reset_ucb,40,12,28.99872612939038,24.56301367863771,33.43443858014305
0.9,1,2,0.1,sco_reset_ucb,50,12,27.47907751010008,22.93941555833263,32.018739461867526
0.9,1,2,0.1,sco_reset_ucb,60,12,26.65222522381399,22.512937424125425,30.791513023502553
0.9,1,2,0.1,sco_reset_ucb,70,12,25.54398791894015,21.460401900232362,29.627573937647938
0.9,1,2,0.1,sco_reset_ucb,80,12,23.903034903571704,20.259609598737068,27.54646020840634
0.9,1,2,0.1,sco_reset_ucb,90,12,22.79979700512365,19.75063834219931,25.848955668047992
0.9,1,2,0.1,sco_reset_ucb,100,12,21.429024268332146,18.477893511985233,24.38015502467906
0.9,1,2,0.1,sco_reset_ucb,110,12,20.770161485818306,17.818583591639907,23.721739379996706
0.9,1,2,0.1,sco_reset_ucb,120,12,19.979748632702314,17.182691323858048,22.77680594154658
0.9,1,2,0.1,sco_reset_ucb,130,12,19.173814437501495,16.444949114615603,21.902679760387386
0.9,1,2,0.1,sco_reset_ucb,140,12,18.20460318168134,15.891992552872923,20.517213810489757
0.9,1,2,0.1,sco_reset_ucb,150,12,17.589239050439385,15.296415823749498,19.882062277129272
0.9,1,2,0.1,sco_reset_ucb,160,12,16.83335864265433,14.751859488410192,18.914857796898463
0.9,1,2,0.1,sco_reset_ucb,170,12,16.284056781126356,14.02873413414426,18.53937942810845
0.9,1,2,0.1,sco_reset_ucb,180,12,15.597136351401694,13.7317771700484,17.46249553275499
0.9,1,2,0.1,sco_reset_ucb,190,12,15.202175516917444,13.516517312751564,16.887833721083325
0.9,1,2,0.1,sco_reset_ucb,200,12,14.49229797740878,12.799105928581147,16.185490026236412
0.9,1,2,0.1,sco_reset_ucb,210,12,13.794371843013492,12.11624644107702,15.472497244949963
0.9,1,2,0.1,sco_reset_ucb,220,12,13.485925964946842,11.934799986772326,15.037051943121359
0.9,1,2,0.1,sco_reset_ucb,230,12,13.052560611741512,11.610946581613804,14.49417464186922
0.9,1,2,0.1,sco_reset_ucb,240,12,12.961752878468745,11.611605125198937,14.311900631738554
0.9,1,2,0.1,sco_reset_ucb,250,12,12.946067519503117,11.673654867095095,14.218480171911139
0.9,1,2,0.1,sco_reset_ucb,260,12,12.818678736099939,11.535973358938463,14.101384113261414
0.9,1,2,0.1,sco_reset_ucb,270,12,12.849700576768333,11.500044581169332,14.199356572367334
0.9,1,2,0.1,sco_reset_ucb,280,12,12.764448791797898,11.435684408918288,14.093213174677508
0.9,1,2,0.1,sco_reset_ucb,290,12,12.745101475384383,11.478947814398083,14.011255136370682
0.9,1,2,0.1,sco_reset_ucb,300,12,12.510157767325893,11.242719297856643,13.777596236795143
0.9,1,2,0.1,sco_reset_ucb,310,12,12.29112238346089,11.014912992472189,13.56733177444959
0.9,1,2,0.1,sco_reset_ucb,320,12,12.211932660880976,10.789590589144192,13.63427473261776
0.9,1,2,0.1,sco_reset_ucb,330,12,12.100742912392164,10.759656372087601,13.441829452696727
0.9,1,2,0.1,sco_reset_ucb,340,12,11.833431351985586,10.455621178374086,13.211241525597087
0.9,1,2,0.1,sco_reset_ucb,350,12,11.634000862405367,10.320878635764652,12.947123089046082
0.9,1,2,0.1,sco_reset_ucb,360,12,11.661993786636666,10.286536042179396,13.037451531093936
0.9,1,2,0.1,sco_reset_ucb,370,12,11.406347367913154,10.03835131804127,12.774343417785039
0.9,1,2,0.1,sco_reset_ucb,380,12,11.18460921314747,9.767180970315122,12.602037455979817
0.9,1,2,0.1,sco_reset_ucb,390,12,11.11923193304817,9.69832807377353,12.54013579232281
0.9,1,2,0.1,sco_reset_ucb,400,12,10.954581994648942,9.53851541514854,12.370648574149344
0.9,1,2,0.1,ps_forced_reset_ucb,10,12,31.107337435493672,22.327778991653602,39.88689587933374
0.9,1,2,0.1,ps_forced_reset_ucb,20,12,25.28263339288451,18.699215189678647,31.866051596090372
0.9,1,2,0.1,ps_forced_reset_ucb,30,12,23.955739408901213,18.599158101920217,29.31232071588221
0.9,1,2,0.1,ps_forced_reset_ucb,40,12,24.783519854848915,19.713639311671745,29.853400398026086
0.9,1,2,0.1,ps_forced_reset_ucb,50,12,24.8920921252946,19.988786881304954,29.795397369284245
0.9,1,2,0.1,ps_forced_reset_ucb,60,12,23.19958443496209,18.521499741944822,27.87766912797936
0.9,1,2,0.1,ps_forced_reset_ucb,70,12,21.223272012972664,17.131766455292492,25.314777570652836
0.9,1,2,0.1,ps_forced_reset_ucb,80,12,19.764401745694485,15.933674459429048,23.59512903195992
0.9,1,2,0.1,ps_forced_reset_ucb,90,12,18.8527771075816,15.22455581449033,22.480998400672867
0.9,1,2,0.1,ps_forced_reset_ucb,100,12,18.00835736585542,14.613831578765858,21.402883152944984
0.9,1,2,0.1,ps_forced_reset_ucb,110,12,17.38511693241617,14.233994286406002,20.53623957842634
0.9,1,2,0.1,ps_forced_reset_ucb,120,12,16.126119260014224,13.348817397737324,18.903421122291125
0.9,1,2,0.1,ps_forced_reset_ucb,130,12,15.431083809747099,12.959084685040406,17.903082934453792
0.9,1,2,0.1,ps_forced_reset_ucb,140,12,15.08670573666914,12.710073158631715,17.463338314706565
0.9,1,2,0.1,ps_forced_reset_ucb,150,12,14.320295339900623,12.058378134171072,16.582212545630174
0.9,1,2,0.1,ps_forced_reset_ucb,160,12,13.81294034534043,11.581437013540993,16.044443677139867
0.9,1,2,0.1,ps_forced_reset_ucb,170,12,12.815712017445366,10.438043694974073,15.193380339916658
0.9,1,2,0.1,ps_forced_reset_ucb,180,12,12.173947071802589,9.997568202130122,14.350325941475056
0.9,1,2,0.1,ps_forced_reset_ucb,190,12,11.905036602729767,9.765029762372194,14.04504344308734
0.9,1,2,0.1,ps_forced_reset_ucb,200,12,11.680221596276398,9.465650068166617,13.89479312438618
0.9,1,2,0.1,ps_forced_reset_ucb,210,12,10.94724478501148,8.7987261666315,13.095763403391459
0.9,1,2,0.1,ps_forced_reset_ucb,220,12,10.531854817058154,8.595180812491305,12.468528821625002
0.9,1,2,0.1,ps_forced_reset_ucb,230,12,10.195599133115225,8.311775981977128,12.079422284253322
0.9,1,2,0.1,ps_forced_reset_ucb,240,12,10.227856281056848,8.394361444912485,12.06135111720121
0.9,1,2,0.1,ps_forced_reset_ucb,250,12,10.124069094037226,8.36627887052997,11.881859317544484
0.9,1,2,0.1,ps_forced_reset_ucb,260,12,9.87777192825339,8.15675858643518,11.5987852700716
0.9,1,2,0.1,ps_forced_reset_ucb,270,12,9.609782034494446,7.906441661684393,11.3131224073045
0.9,1,2,0.1,ps_forced_reset_ucb,280,12,9.467949776841285,7.787974484838248,11.147925068844323
0.9,1,2,0.1,ps_forced_reset_ucb,290,12,9.594924059839608,7.938316047809327,11.251532071869889
0.9,1,2,0.1,ps_forced_reset_ucb,300,12,9.461007165558135,7.85967449857103,11.06233983254524
0.9,1,2,0.1,ps_forced_reset_ucb,310,12,9.235185688460744,7.683287886599804,10.787083490321685
0.9,1,2,0.1,ps_forced_reset_ucb,320,12,8.890349769221055,7.306300832687081,10.474398705755029
0.9,1,2,0.1,ps_forced_reset_ucb,330,12,8.761753586241426,7.174594406576901,10.34891276590595
0.9,1,2,0.1,ps_forced_reset_ucb,340,12,8.62616253729169,7.054312888343355,10.198012186240023
0.9,1,2,0.1,ps_forced_reset_ucb,350,12,8.602414804642533,7.04713024160992,10.157699367675146
0.9,1,2,0.1,ps_forced_reset_ucb,360,12,8.462244721855884,6.856083806969725,10.068405636742042
0.9,1,2,0.1,ps_forced_reset_ucb,370,12,8.085172023762025,6.463598527166917,9.706745520357133
0.9,1,2,0.1,ps_forced_reset_ucb,380,12,7.965533685927002,6.294693023823532,9.636374348030472
0.9,1,2,0.1,ps_forced_reset_ucb,390,12,7.80800128239098,6.13639918505163,9.47960337973033
0.9,1,2,0.1,ps_forced_reset_ucb,400,12,7.760292495341926,6.073839480857448,9.446745509826405
0.9,1,2,0.1,inflight_sco_ucb,10,12,-65.81334749666814,-68.39155724238216,-63.23513775095412
0.9,1,2,0.1,inflight_sco_ucb,20,12,-64.18556702046631,-66.19613397350678,-62.17500006742584
0.9,1,2,0.1,inflight_sco_ucb,30,12,-64.88749308615893,-66.39924232819108,-63.375743844126774
0.9,1,2,0.1,inflight_sco_ucb,40,12,-65.19250335258575,-66.2544993725101,-64.1305073326614
0.9,1,2,0.1,inflight_sco_ucb,50,12,-65.70513264782106,-66.74834536917224,-64.66191992646988
0.9,1,2,0.1,inflight_sco_ucb,60,12,-66.27602385862865,-67.23386100695082,-65.31818671030648
0.9,1,2,0.1,inflight_sco_ucb,70,12,-66.54333813179089,-67.51076137861867,-65.57591488496311
0.9,1,2,0.1,inflight_sco_ucb,80,12,-66.94314626444994,-67.87902718206651,-66.00726534683336
0.9,1,2,0.1,inflight_sco_ucb,90,12,-67.37760314547589,-68.18460590026395,-66.57060039068783
0.9,1,2,0.1,inflight_sco_ucb,100,12,-67.55592126254777,-68.28995282295888,-66.82188970213666
0.9,1,2,0.1,inflight_sco_ucb,110,12,-67.73158182010097,-68.4645947929173,-66.99856884728464
0.9,1,2,0.1,inflight_sco_ucb,120,12,-68.0160398221362,-68.69994637403688,-67.3321332702355
0.9,1,2,0.1,inflight_sco_ucb,130,12,-68.25317816565713,-68.89780136132089,-67.60855496999338
0.9,1,2,0.1,inflight_sco_ucb,140,12,-68.40070907842944,-69.0132762476025,-67.78814190925638
0.9,1,2,0.1,inflight_sco_ucb,150,12,-68.52848919507093,-69.11497057514117,-67.9420078150007
0.9,1,2,0.1,inflight_sco_ucb,160,12,-68.7041218505373,-69.29422967659026,-68.11401402448435
0.9,1,2,0.1,inflight_sco_ucb,170,12,-68.82941820119154,-69.45102408622867,-68.20781231615442
0.9,1,2,0.1,inflight_sco_ucb,180,12,-68.96978453091016,-69.55749547616422,-68.3820735856561
0.9,1,2,0.1,inflight_sco_ucb,190,12,-69.13814955425555,-69.68640318230013,-68.58989592621097
0.9,1,2,0.1,inflight_sco_ucb,200,12,-69.28826814610302,-69.82272029071827,-68.75381600148778
0.9,1,2,0.1,inflight_sco_ucb,210,12,-69.41970735066378,-69.94682959608504,-68.89258510524253
0.9,1,2,0.1,inflight_sco_ucb,220,12,-69.47331882422439,-69.96703225568496,-68.97960539276383
0.9,1,2,0.1,inflight_sco_ucb,230,12,-69.58243937384624,-70.05970726765268,-69.1051714800398
0.9,1,2,0.1,inflight_sco_ucb,240,12,-69.58999383215614,-70.04506221344843,-69.13492545086385
0.9,1,2,0.1,inflight_sco_ucb,250,12,-69.66211598769453,-70.10317318103401,-69.22105879435506
0.9,1,2,0.1,inflight_sco_ucb,260,12,-69.64934667374443,-70.09904820163618,-69.19964514585268
0.9,1,2,0.1,inflight_sco_ucb,270,12,-69.67761063778931,-70.12384513045912,-69.23137614511951
0.9,1,2,0.1,inflight_sco_ucb,280,12,-69.6809711108682,-70.12140896046415,-69.24053326127225
0.9,1,2,0.1,inflight_sco_ucb,290,12,-69.66120006338335,-70.07549449096402,-69.24690563580268
0.9,1,2,0.1,inflight_sco_ucb,300,12,-69.71757281543577,-70.13469520292782,-69.30045042794373
0.9,1,2,0.1,inflight_sco_ucb,310,12,-69.77946360783442,-70.17822353016709,-69.38070368550174
0.9,1,2,0.1,inflight_sco_ucb,320,12,-69.8746850416663,-70.30117343032157,-69.44819665301102
0.9,1,2,0.1,inflight_sco_ucb,330,12,-69.9344256666826,-70.35808113630173,-69.51077019706347
0.9,1,2,0.1,inflight_sco_ucb,340,12,-70.00093006544542,-70.43158997593264,-69.5702701549582
0.9,1,2,0.1,inflight_sco_ucb,350,12,-70.01244555546758,-70.44563101351206,-69.5792600974231
0.9,1,2,0.1,inflight_sco_ucb,360,12,-70.01175136380475,-70.45778764457663,-69.56571508303287
0.9,1,2,0.1,inflight_sco_ucb,370,12,-70.03414284933777,-70.46788763992686,-69.60039805874868
0.9,1,2,0.1,inflight_sco_ucb,380,12,-70.0892115689404,-70.54162314732304,-69.63679999055776
0.9,1,2,0.1,inflight_sco_ucb,390,12,-70.1265641213946,-70.59706710106725,-69.65606114172193
0.9,1,2,0.1,inflight_sco_ucb,400,12,-70.14224026429133,-70.61735377948402,-69.66712674909864
0.9,3,2,0.1,cumulative_ucb_cv,10,12,15.399742652300654,9.073260483176018,21.72622482142529
0.9,3,2,0.1,cumulative_ucb_cv,20,12,24.69714709763319,17.369388410369325,32.02490578489706
0.9,3,2,0.1,cumulative_ucb_cv,30,12,30.78401208317621,24.726564916632277,36.841459249720145
0.9,3,2,0.1,cumulative_ucb_cv,40,12,30.229343502678603,25.90466913061603,34.55401787474118
0.9,3,2,0.1,cumulative_ucb_cv,50,12,29.28889442903585,25.667639932595957,32.910148925475745
0.9,3,2,0.1,cumulative_ucb_cv,60,12,28.410461521079608,25.134440364367954,31.68648267779126
0.9,3,2,0.1,cumulative_ucb_cv,70,12,27.77142004011979,24.866314071280787,30.676526008958792
0.9,3,2,0.1,cumulative_ucb_cv,80,12,26.74393002571092,23.916813175414408,29.571046876007433
0.9,3,2,0.1,cumulative_ucb_cv,90,12,25.75297215502822,22.63138677612217,28.874557533934272
0.9,3,2,0.1,cumulative_ucb_cv,100,12,24.970080424787216,21.82464607829283,28.115514771281603
0.9,3,2,0.1,cumulative_ucb_cv,110,12,24.43856986782315,21.573777678232897,27.303362057413405
0.9,3,2,0.1,cumulative_ucb_cv,120,12,24.098078479839003,21.82286920020954,26.373287759468468
0.9,3,2,0.1,cumulative_ucb_cv,130,12,23.463838560930473,21.35161601217658,25.576061109684364
0.9,3,2,0.1,cumulative_ucb_cv,140,12,22.855512588074408,20.44918645155864,25.261838724590177
0.9,3,2,0.1,cumulative_ucb_cv,150,12,22.68949687349065,20.284547124947583,25.09444662203372
0.9,3,2,0.1,cumulative_ucb_cv,160,12,22.169364839995495,19.845717897538385,24.493011782452605
0.9,3,2,0.1,cumulative_ucb_cv,170,12,21.996387376223158,19.577777939694492,24.414996812751824
0.9,3,2,0.1,cumulative_ucb_cv,180,12,21.75249738305271,19.439418057068735,24.065576709036684
0.9,3,2,0.1,cumulative_ucb_cv,190,12,21.632828648097448,19.501057258412196,23.7646000377827
0.9,3,2,0.1,cumulative_ucb_cv,200,12,21.342444381060204,19.40314650745151,23.2817422546689
0.9,3,2,0.1,cumulative_ucb_cv,210,12,20.945626425366857,19.142056090314917,22.749196760418798
0.9,3,2,0.1,cumulative_ucb_cv,220,12,20.49838875182951,18.658121949209573,22.338655554449446
0.9,3,2,0.1,cumulative_ucb_cv,230,12,20.311594857857788,18.521797756863144,22.10139195885243
0.9,3,2,0.1,cumulative_ucb_cv,240,12,20.257984205201037,18.51763993442028,21.998328475981793
0.9,3,2,0.1,cumulative_ucb_cv,250,12,20.094081549078844,18.344856629449705,21.843306468707983
0.9,3,2,0.1,cumulative_ucb_cv,260,12,19.60472478993987,17.915904754458843,21.293544825420895
0.9,3,2,0.1,cumulative_ucb_cv,270,12,19.33290150104968,17.682436194334805,20.983366807764554
0.9,3,2,0.1,cumulative_ucb_cv,280,12,19.31738902212609,17.524120144624057,21.110657899628123
0.9,3,2,0.1,cumulative_ucb_cv,290,12,18.955379456767094,17.14127245843138,20.769486455102808
0.9,3,2,0.1,cumulative_ucb_cv,300,12,18.6654555785012,16.84877084386446,20.482140313137936
0.9,3,2,0.1,cumulative_ucb_cv,310,12,18.647119775126622,16.866620388477386,20.42761916177586
0.9,3,2,0.1,cumulative_ucb_cv,320,12,18.45098931764682,16.800614281850677,20.10136435344296
0.9,3,2,0.1,cumulative_ucb_cv,330,12,18.258359296621972,16.56934763158138,19.947370961662564
0.9,3,2,0.1,cumulative_ucb_cv,340,12,18.11736329247464,16.37533442519376,19.85939215975552
0.9,3,2,0.1,cumulative_ucb_cv,350,12,17.92543874800622,16.287878526426553,19.562998969585884
0.9,3,2,0.1,cumulative_ucb_cv,360,12,17.88581153487074,16.260451398557827,19.511171671183654
0.9,3,2,0.1,cumulative_ucb_cv,370,12,17.843529345892396,16.23928853535079,19.447770156434
0.9,3,2,0.1,cumulative_ucb_cv,380,12,17.5498962535295,15.967708270961094,19.132084236097906
0.9,3,2,0.1,cumulative_ucb_cv,390,12,17.341884460716784,15.735726720574053,18.948042200859515
0.9,3,2,0.1,cumulative_ucb_cv,400,12,17.091750385709517,15.431530154007284,18.75197061741175
0.9,3,2,0.1,sco_reset_ucb,10,12,15.475439163642347,8.088007742121295,22.8628705851634
0.9,3,2,0.1,sco_reset_ucb,20,12,25.303326144308027,17.980191610062594,32.626460678553464
0.9,3,2,0.1,sco_reset_ucb,30,12,31.020993942377455,25.638480571622793,36.40350731313212
0.9,3,2,0.1,sco_reset_ucb,40,12,30.018133023521127,26.011049789744735,34.02521625729752
0.9,3,2,0.1,sco_reset_ucb,50,12,28.971646081727588,25.44424571089524,32.49904645255994
0.9,3,2,0.1,sco_reset_ucb,60,12,28.198665029293466,25.022650317106176,31.374679741480755
0.9,3,2,0.1,sco_reset_ucb,70,12,27.74898482788058,25.09519157106309,30.40277808469807
0.9,3,2,0.1,sco_reset_ucb,80,12,26.602474762294268,24.0388406798139,29.166108844774634
0.9,3,2,0.1,sco_reset_ucb,90,12,25.45140764485743,22.7147248761523,28.18809041356256
0.9,3,2,0.1,sco_reset_ucb,100,12,24.143614006237467,21.688339272280935,26.598888740194
0.9,3,2,0.1,sco_reset_ucb,110,12,22.903985402654783,20.8350289164583,24.972941888851267
0.9,3,2,0.1,sco_reset_ucb,120,12,22.271058394579082,20.56501515890505,23.977101630253113
0.9,3,2,0.1,sco_reset_ucb,130,12,21.493215736827512,19.753604100129717,23.232827373525307
0.9,3,2,0.1,sco_reset_ucb,140,12,20.47752984384773,18.626256041725025,22.328803645970435
0.9,3,2,0.1,sco_reset_ucb,150,12,19.775418911392332,18.075838565131182,21.474999257653483
0.9,3,2,0.1,sco_reset_ucb,160,12,18.98298962745943,17.146944946753656,20.8190343081652
0.9,3,2,0.1,sco_reset_ucb,170,12,18.50867760665251,16.579374704900925,20.43798050840409
0.9,3,2,0.1,sco_reset_ucb,180,12,18.082826571910246,16.321054226113414,19.844598917707078
0.9,3,2,0.1,sco_reset_ucb,190,12,17.62535196233738,16.04347182152838,19.207232103146378
0.9,3,2,0.1,sco_reset_ucb,200,12,17.23055945324059,15.724250035792188,18.736868870688994
0.9,3,2,0.1,sco_reset_ucb,210,12,16.651279447961045,15.167579939175617,18.134978956746473
0.9,3,2,0.1,sco_reset_ucb,220,12,16.13313268981729,14.72087943151093,17.545385948123652
0.9,3,2,0.1,sco_reset_ucb,230,12,15.935622169197856,14.505772487270983,17.365471851124727
0.9,3,2,0.1,sco_reset_ucb,240,12,15.806730292850725,14.339364465402294,17.274096120299156
0.9,3,2,0.1,sco_reset_ucb,250,12,15.606141622509242,14.23282198400408,16.979461261014404
0.9,3,2,0.1,sco_reset_ucb,260,12,15.25163017520749,13.964399717593576,16.538860632821404
0.9,3,2,0.1,sco_reset_ucb,270,12,15.007146831669887,13.65916900240804,16.355124660931732
0.9,3,2,0.1,sco_reset_ucb,280,12,14.863866634414194,13.474525613059251,16.25320765576914
0.9,3,2,0.1,sco_reset_ucb,290,12,14.552150659383473,13.217995913594333,15.886305405172614
0.9,3,2,0.1,sco_reset_ucb,300,12,14.264617378413964,12.93043841813017,15.59879633869776
0.9,3,2,0.1,sco_reset_ucb,310,12,14.225918302536755,12.875503123881575,15.576333481191934
0.9,3,2,0.1,sco_reset_ucb,320,12,14.064867808580543,12.739707951455804,15.390027665705281
0.9,3,2,0.1,sco_reset_ucb,330,12,13.865487153632017,12.560626952752374,15.17034735451166
0.9,3,2,0.1,sco_reset_ucb,340,12,13.610556626273366,12.221718799021131,14.999394453525602
0.9,3,2,0.1,sco_reset_ucb,350,12,13.451305733919403,12.087407849061666,14.81520361877714
0.9,3,2,0.1,sco_reset_ucb,360,12,13.31028670470546,11.995064476950642,14.625508932460278
0.9,3,2,0.1,sco_reset_ucb,370,12,13.293724204970331,11.901574109596044,14.685874300344619
0.9,3,2,0.1,sco_reset_ucb,380,12,13.064404690369107,11.625734526317828,14.503074854420387
0.9,3,2,0.1,sco_reset_ucb,390,12,12.741961063751887,11.339767901950513,14.144154225553262
0.9,3,2,0.1,sco_reset_ucb,400,12,12.538875787088719,11.163990702102293,13.913760872075144
0.9,3,2,0.1,ps_forced_reset_ucb,10,12,9.940759108276318,3.0868403904755155,16.79467782607712
0.9,3,2,0.1,ps_forced_reset_ucb,20,12,12.409628888590994,6.7347650796365635,18.084492697545425
0.9,3,2,0.1,ps_forced_reset_ucb,30,12,14.44915801146922,10.237548602321539,18.660767420616903
0.9,3,2,0.1,ps_forced_reset_ucb,40,12,16.237578514150197,12.972937538108326,19.50221949019207
0.9,3,2,0.1,ps_forced_reset_ucb,50,12,17.63108340743963,14.159209901029486,21.102956913849773
0.9,3,2,0.1,ps_forced_reset_ucb,60,12,17.594837896337136,14.348762810991065,20.840912981683207
0.9,3,2,0.1,ps_forced_reset_ucb,70,12,16.28386217827726,13.153058455584256,19.414665900970267
0.9,3,2,0.1,ps_forced_reset_ucb,80,12,14.60278709272717,11.288438873679315,17.917135311775024
0.9,3,2,0.1,ps_forced_reset_ucb,90,12,13.57695768412539,10.09839797966832,17.05551738858246
0.9,3,2,0.1,ps_forced_reset_ucb,100,12,13.64374699557098,10.517991523039948,16.76950246810201
0.9,3,2,0.1,ps_forced_reset_ucb,110,12,13.295856332458447,10.55478820263884,16.036924462278055
0.9,3,2,0.1,ps_forced_reset_ucb,120,12,12.195398008801982,9.70596114790308,14.684834869700884
0.9,3,2,0.1,ps_forced_reset_ucb,130,12,11.16003334404778,8.794831631404112,13.52523505669145
0.9,3,2,0.1,ps_forced_reset_ucb,140,12,10.144233938818333,7.803669141594495,12.48479873604217
0.9,3,2,0.1,ps_forced_reset_ucb,150,12,10.04071215154463,7.81913031510679,12.26229398798247
0.9,3,2,0.1,ps_forced_reset_ucb,160,12,9.641714399620183,7.532969337258418,11.750459461981947
0.9,3,2,0.1,ps_forced_reset_ucb,170,12,9.058633496777189,7.0109501751741234,11.106316818380254
0.9,3,2,0.1,ps_forced_reset_ucb,180,12,8.631948739613392,6.71746401847877,10.546433460748014
0.9,3,2,0.1,ps_forced_reset_ucb,190,12,8.315479220639107,6.562373412054771,10.068585029223444
0.9,3,2,0.1,ps_forced_reset_ucb,200,12,8.078151220522066,6.303834486188601,9.852467954855532
0.9,3,2,0.1,ps_forced_reset_ucb,210,12,7.8225150632437535,6.124500641441075,9.520529485046431
0.9,3,2,0.1,ps_forced_reset_ucb,220,12,7.244245588951915,5.622291444170265,8.866199733733566
0.9,3,2,0.1,ps_forced_reset_ucb,230,12,6.90680780776376,5.243233262916677,8.570382352610842
0.9,3,2,0.1,ps_forced_reset_ucb,240,12,6.6480847175106135,5.017610071576962,8.278559363444264
0.9,3,2,0.1,ps_forced_reset_ucb,250,12,6.696084381923389,5.0478454155463055,8.344323348300472
0.9,3,2,0.1,ps_forced_reset_ucb,260,12,6.60697894107608,4.898094434476601,8.315863447675559
0.9,3,2,0.1,ps_forced_reset_ucb,270,12,6.209627474444733,4.456677786673456,7.962577162216009
0.9,3,2,0.1,ps_forced_reset_ucb,280,12,5.947521117233481,4.131970748203656,7.763071486263305
0.9,3,2,0.1,ps_forced_reset_ucb,290,12,5.491026254323551,3.698863960828003,7.283188547819099
0.9,3,2,0.1,ps_forced_reset_ucb,300,12,5.339982929448603,3.5776566151784492,7.102309243718757
0.9,3,2,0.1,ps_forced_reset_ucb,310,12,5.4844686391172734,3.6926447302434995,7.276292547991048
0.9,3,2,0.1,ps_forced_reset_ucb,320,12,5.2406513513338515,3.537840259634878,6.943462443032825
0.9,3,2,0.1,ps_forced_reset_ucb,330,12,4.949777277818277,3.29599490951838,6.603559646118174
0.9,3,2,0.1,ps_forced_reset_ucb,340,12,4.701841261810276,3.0182497033613025,6.385432820259249
0.9,3,2,0.1,ps_forced_reset_ucb,350,12,4.724062878970911,3.09918819515483,6.348937562786992
0.9,3,2,0.1,ps_forced_reset_ucb,360,12,4.815845546707528,3.1699085980296537,6.4617824953854015
0.9,3,2,0.1,ps_forced_reset_ucb,370,12,4.690924936184885,2.970138315707109,6.411711556662661
0.9,3,2,0.1,ps_forced_reset_ucb,380,12,4.367887502406681,2.609801572912648,6.125973431900714
0.9,3,2,0.1,ps_forced_reset_ucb,390,12,4.213077071579526,2.451925668870623,5.974228474288428
0.9,3,2,0.1,ps_forced_reset_ucb,400,12,4.260751299053996,2.4026333914216744,6.118869206686317
0.9,3,2,0.1,inflight_sco_ucb,10,12,-90.71798698722309,-91.4021270138236,-90.03384696062257
0.9,3,2,0.1,inflight_sco_ucb,20,12,-89.97670377910394,-90.42599757075475,-89.52740998745314
0.9,3,2,0.1,inflight_sco_ucb,30,12,-89.66109732812937,-89.98637835194329,-89.33581630431546
0.9,3,2,0.1,inflight_sco_ucb,40,12,-89.68707563876387,-89.9364952048873,-89.43765607264045
0.9,3,2,0.1,inflight_sco_ucb,50,12,-89.78184631226107,-90.0041534516623,-89.55953917285983
0.9,3,2,0.1,inflight_sco_ucb,60,12,-89.9584622114915,-90.14522386741848,-89.77170055556451
0.9,3,2,0.1,inflight_sco_ucb,70,12,-90.04798280712406,-90.21523319352511,-89.880732420723
0.9,3,2,0.1,inflight_sco_ucb,80,12,-90.16230681999707,-90.3839559387591,-89.94065770123504
0.9,3,2,0.1,inflight_sco_ucb,90,12,-90.22651061620671,-90.46054040111662,-89.9924808312968
0.9,3,2,0.1,inflight_sco_ucb,100,12,-90.31215983488711,-90.49446631361855,-90.12985335615568
0.9,3,2,0.1,inflight_sco_ucb,110,12,-90.37524497141258,-90.52209451462116,-90.22839542820401
0.9,3,2,0.1,inflight_sco_ucb,120,12,-90.40443842275128,-90.53081202714544,-90.27806481835712
0.9,3,2,0.1,inflight_sco_ucb,130,12,-90.4611309046932,-90.60897936438963,-90.31328244499679
0.9,3,2,0.1,inflight_sco_ucb,140,12,-90.52003947437099,-90.6959906560271,-90.34408829271487
0.9,3,2,0.1,inflight_sco_ucb,150,12,-90.5560230158825,-90.71187447519608,-90.40017155656892
0.9,3,2,0.1,inflight_sco_ucb,160,12,-90.61941529889151,-90.7682067276094,-90.47062387017363
0.9,3,2,0.1,inflight_sco_ucb,170,12,-90.65875362757718,-90.80834661774163,-90.50916063741273
0.9,3,2,0.1,inflight_sco_ucb,180,12,-90.67690933609163,-90.829916791525,-90.52390188065826
0.9,3,2,0.1,inflight_sco_ucb,190,12,-90.67244941204085,-90.8119837252849,-90.53291509879679
0.9,3,2,0.1,inflight_sco_ucb,200,12,-90.71725614015996,-90.85258360695205,-90.58192867336787
0.9,3,2,0.1,inflight_sco_ucb,210,12,-90.73575713798839,-90.88005475212039,-90.59145952385639
0.9,3,2,0.1,inflight_sco_ucb,220,12,-90.76881779811457,-90.91700967711961,-90.62062591910953
0.9,3,2,0.1,inflight_sco_ucb,230,12,-90.7910026411303,-90.93487074295037,-90.64713453931024
0.9,3,2,0.1,inflight_sco_ucb,240,12,-90.78591147009281,-90.92932959696323,-90.6424933432224
0.9,3,2,0.1,inflight_sco_ucb,250,12,-90.79407482169108,-90.94124270286657,-90.64690694051559
0.9,3,2,0.1,inflight_sco_ucb,260,12,-90.81516169628759,-90.96969224383066,-90.66063114874451
0.9,3,2,0.1,inflight_sco_ucb,270,12,-90.82099731793373,-90.98295553348458,-90.65903910238288
0.9,3,2,0.1,inflight_sco_ucb,280,12,-90.82007993636863,-90.9880657934054,-90.65209407933186
0.9,3,2,0.1,inflight_sco_ucb,290,12,-90.83410580849137,-91.00487548977947,-90.66333612720328
0.9,3,2,0.1,inflight_sco_ucb,300,12,-90.84979925966223,-91.01617141221334,-90.68342710711113
0.9,3,2,0.1,inflight_sco_ucb,310,12,-90.8631143795211,-91.02371872238544,-90.70251003665675
0.9,3,2,0.1,inflight_sco_ucb,320,12,-90.87701455560283,-91.03599341455241,-90.71803569665325
0.9,3,2,0.1,inflight_sco_ucb,330,12,-90.88362741615144,-91.048200481107,-90.71905435119588
0.9,3,2,0.1,inflight_sco_ucb,340,12,-90.8991216437036,-91.06933284867785,-90.72891043872934
0.9,3,2,0.1,inflight_sco_ucb,350,12,-90.90823748718327,-91.0729451098371,-90.74352986452945
0.9,3,2,0.1,inflight_sco_ucb,360,12,-90.90763625082313,-91.06363675191888,-90.75163574972738
0.9,3,2,0.1,inflight_sco_ucb,370,12,-90.91557787159029,-91.07106182166532,-90.76009392151525
0.9,3,2,0.1,inflight_sco_ucb,380,12,-90.93340064782876,-91.09575627157616,-90.77104502408136
0.9,3,2,0.1,inflight_sco_ucb,390,12,-90.93516707552008,-91.10495943133667,-90.7653747197035
0.9,3,2,0.1,inflight_sco_ucb,400,12,-90.94348015363143,-91.11666584757435,-90.7702944596885
0.9,5,2,0.1,cumulative_ucb_cv,10,12,-2.504959561875305,-7.045105002508609,2.035185878757999
0.9,5,2,0.1,cumulative_ucb_cv,20,12,10.957007150803962,5.765577854239637,16.148436447368287
0.9,5,2,0.1,cumulative_ucb_cv,30,12,20.242384325501813,15.142852449615404,25.341916201388223
0.9,5,2,0.1,cumulative_ucb_cv,40,12,27.147145174570024,22.652412294897367,31.64187805424268
0.9,5,2,0.1,cumulative_ucb_cv,50,12,29.526685372227192,25.79407857456162,33.25929216989276
0.9,5,2,0.1,cumulative_ucb_cv,60,12,29.472235682831236,26.033013915531953,32.91145745013052
0.9,5,2,0.1,cumulative_ucb_cv,70,12,29.303755654428993,25.721016014568477,32.88649529428951
0.9,5,2,0.1,cumulative_ucb_cv,80,12,28.505044872720166,24.793449899417634,32.2166398460227
0.9,5,2,0.1,cumulative_ucb_cv,90,12,27.228859601366896,24.03425388395459,30.4234653187792
0.9,5,2,0.1,cumulative_ucb_cv,100,12,26.54693099386944,23.370738458567907,29.723123529170977
0.9,5,2,0.1,cumulative_ucb_cv,110,12,26.040315508186314,23.061483868691447,29.01914714768118
0.9,5,2,0.1,cumulative_ucb_cv,120,12,25.99017899710982,23.065429854609665,28.914928139609973
0.9,5,2,0.1,cumulative_ucb_cv,130,12,25.604510342873628,22.980850745772567,28.228169939974688
0.9,5,2,0.1,cumulative_ucb_cv,140,12,24.697496680859057,22.42032059509031,26.974672766627805
0.9,5,2,0.1,cumulative_ucb_cv,150,12,23.971467845437335,21.786827554445505,26.156108136429165
0.9,5,2,0.1,cumulative_ucb_cv,160,12,23.57923460765762,21.374533478142503,25.78393573717274
0.9,5,2,0.1,cumulative_ucb_cv,170,12,23.341761990149006,21.21535803552658,25.46816594477143
0.9,5,2,0.1,cumulative_ucb_cv,180,12,23.208953051291402,21.126625664865692,25.291280437717113
0.9,5,2,0.1,cumulative_ucb_cv,190,12,22.946331176489753,20.869470992977917,25.02319136000159
0.9,5,2,0.1,cumulative_ucb_cv,200,12,22.789331863945762,20.830592733250906,24.748070994640617
0.9,5,2,0.1,cumulative_ucb_cv,210,12,22.451622747205324,20.71730299424216,24.185942500168487
0.9,5,2,0.1,cumulative_ucb_cv,220,12,22.162370546950246,20.405568994885563,23.91917209901493
0.9,5,2,0.1,cumulative_ucb_cv,230,12,21.951567942846825,20.02896967461153,23.87416621108212
0.9,5,2,0.1,cumulative_ucb_cv,240,12,21.832199702005337,19.766207309399007,23.898192094611666
0.9,5,2,0.1,cumulative_ucb_cv,250,12,21.58727948271459,19.562048273820906,23.61251069160827
0.9,5,2,0.1,cumulative_ucb_cv,260,12,21.47965763298043,19.580782325229332,23.378532940731528
0.9,5,2,0.1,cumulative_ucb_cv,270,12,21.39440641182073,19.575927315081334,23.212885508560124
0.9,5,2,0.1,cumulative_ucb_cv,280,12,21.003898374897084,19.282139388825158,22.72565736096901
0.9,5,2,0.1,cumulative_ucb_cv,290,12,20.768360339326957,19.08415427808215,22.452566400571765
0.9,5,2,0.1,cumulative_ucb_cv,300,12,20.5153544417055,18.848915746580367,22.181793136830635
0.9,5,2,0.1,cumulative_ucb_cv,310,12,20.320675065696783,18.682343420157522,21.959006711236043
0.9,5,2,0.1,cumulative_ucb_cv,320,12,20.07505720701635,18.49190479660186,21.65820961743084
0.9,5,2,0.1,cumulative_ucb_cv,330,12,19.83164689112716,18.408735692454083,21.254558089800238
0.9,5,2,0.1,cumulative_ucb_cv,340,12,19.663965294065527,18.305853400696627,21.022077187434427
0.9,5,2,0.1,cumulative_ucb_cv,350,12,19.69685771732921,18.305149415667504,21.088566018990914
0.9,5,2,0.1,cumulative_ucb_cv,360,12,19.58125476409898,18.205001072870644,20.957508455327314
0.9,5,2,0.1,cumulative_ucb_cv,370,12,19.57692067195758,18.18618148093729,20.96765986297787
0.9,5,2,0.1,cumulative_ucb_cv,380,12,19.408900846373317,18.079351816689957,20.738449876056677
0.9,5,2,0.1,cumulative_ucb_cv,390,12,19.18323591784296,17.924567101543946,20.441904734141975
0.9,5,2,0.1,cumulative_ucb_cv,400,12,19.006957049145054,17.84761054646753,20.16630355182258
0.9,5,2,0.1,sco_reset_ucb,10,12,-3.0660721837385068,-8.301444047446466,2.1692996799694533
0.9,5,2,0.1,sco_reset_ucb,20,12,10.596942308960617,5.105399757402614,16.08848486051862
0.9,5,2,0.1,sco_reset_ucb,30,12,20.382094451793204,15.113839884049472,25.650349019536936
0.9,5,2,0.1,sco_reset_ucb,40,12,27.23781422790535,22.576313033413257,31.899315422397443
0.9,5,2,0.1,sco_reset_ucb,50,12,29.596797737813674,25.76343024518243,33.43016523044492
0.9,5,2,0.1,sco_reset_ucb,60,12,29.469671904807267,25.803073733473095,33.13627007614144
0.9,5,2,0.1,sco_reset_ucb,70,12,29.070996709193892,25.267949877927993,32.874043540459795
0.9,5,2,0.1,sco_reset_ucb,80,12,28.17274538638772,24.357091040129824,31.988399732645618
0.9,5,2,0.1,sco_reset_ucb,90,12,26.901381386502976,23.696922641980613,30.10584013102534
0.9,5,2,0.1,sco_reset_ucb,100,12,26.176085710101415,23.14613364790552,29.20603777229731
0.9,5,2,0.1,sco_reset_ucb,110,12,25.571788432204944,22.7404587205414,28.403118143868486
0.9,5,2,0.1,sco_reset_ucb,120,12,25.271356920757743,22.46982389336168,28.072889948153804
0.9,5,2,0.1,sco_reset_ucb,130,12,24.4903059577799,21.92852040184074,27.05209151371906
0.9,5,2,0.1,sco_reset_ucb,140,12,23.348847239923728,20.91020784637446,25.787486633472998
0.9,5,2,0.1,sco_reset_ucb,150,12,22.19753531180781,19.72259577387186,24.672474849743757
0.9,5,2,0.1,sco_reset_ucb,160,12,21.40757859061391,18.94476891889557,23.87038826233225
0.9,5,2,0.1,sco_reset_ucb,170,12,20.84369331214035,18.504272511966775,23.183114112313923
0.9,5,2,0.1,sco_reset_ucb,180,12,20.549706353454646,18.279825667536493,22.8195870393728
0.9,5,2,0.1,sco_reset_ucb,190,12,20.310490343413857,18.1338435340593,22.487137152768415
0.9,5,2,0.1,sco_reset_ucb,200,12,20.06429982124978,17.972966791133224,22.155632851366335
0.9,5,2,0.1,sco_reset_ucb,210,12,19.56191709597527,17.67613673627752,21.447697455673023
0.9,5,2,0.1,sco_reset_ucb,220,12,18.87692729352251,17.119690818884813,20.634163768160207
0.9,5,2,0.1,sco_reset_ucb,230,12,18.48199069281345,16.705971941076296,20.258009444550606
0.9,5,2,0.1,sco_reset_ucb,240,12,18.31098397028156,16.398724640790945,20.22324329977217
0.9,5,2,0.1,sco_reset_ucb,250,12,18.0982866219731,16.09191099028466,20.104662253661537
0.9,5,2,0.1,sco_reset_ucb,260,12,17.960715627471746,15.913487927875963,20.00794332706753
0.9,5,2,0.1,sco_reset_ucb,270,12,17.715557407665035,15.637793920905214,19.793320894424856
0.9,5,2,0.1,sco_reset_ucb,280,12,17.316560923511943,15.255829228232642,19.377292618791245
0.9,5,2,0.1,sco_reset_ucb,290,12,17.00358133879336,14.884388935955576,19.122773741631146
0.9,5,2,0.1,sco_reset_ucb,300,12,16.65076578658024,14.543923251171424,18.757608321989057
0.9,5,2,0.1,sco_reset_ucb,310,12,16.359693899607592,14.394679043796017,18.324708755419167
0.9,5,2,0.1,sco_reset_ucb,320,12,16.062101490447557,14.18044545843325,17.943757522461866
0.9,5,2,0.1,sco_reset_ucb,330,12,15.732008677489107,13.930345854294037,17.53367150068418
0.9,5,2,0.1,sco_reset_ucb,340,12,15.450458470822285,13.619030746201187,17.281886195443384
0.9,5,2,0.1,sco_reset_ucb,350,12,15.341865000194696,13.562653898067326,17.121076102322064
0.9,5,2,0.1,sco_reset_ucb,360,12,15.2161134407363,13.50683141803615,16.925395463436452
0.9,5,2,0.1,sco_reset_ucb,370,12,15.175201622369704,13.442831691614602,16.907571553124807
0.9,5,2,0.1,sco_reset_ucb,380,12,15.101033129730048,13.260904072239565,16.94116218722053
0.9,5,2,0.1,sco_reset_ucb,390,12,14.957202755796116,13.183129347261783,16.73127616433045
0.9,5,2,0.1,sco_reset_ucb,400,12,14.796035951122521,13.241036687539488,16.351035214705554
0.9,5,2,0.1,ps_forced_reset_ucb,10,12,-8.918313329676723,-17.344592066290218,-0.49203459306322905
0.9,5,2,0.1,ps_forced_reset_ucb,20,12,0.7156818390954562,-7.1186360839727225,8.549999762163635
0.9,5,2,0.1,ps_forced_reset_ucb,30,12,5.707020403275813,-0.8039670882934891,12.218007894845115
0.9,5,2,0.1,ps_forced_reset_ucb,40,12,8.290451102230959,3.6817395636665378,12.89916264079538
0.9,5,2,0.1,ps_forced_reset_ucb,50,12,10.120495223697997,6.540383458789341,13.700606988606653
0.9,5,2,0.1,ps_forced_reset_ucb,60,12,11.241555027552964,8.292120969600905,14.190989085505024
0.9,5,2,0.1,ps_forced_reset_ucb,70,12,11.67289725314627,8.878376302087187,14.467418204205352
0.9,5,2,0.1,ps_forced_reset_ucb,80,12,11.25024940881878,8.50867378234359,13.991825035293969
0.9,5,2,0.1,ps_forced_reset_ucb,90,12,11.108717976358987,8.652238766935437,13.565197185782537
0.9,5,2,0.1,ps_forced_reset_ucb,100,12,11.0925643633296,9.081629073150458,13.103499653508743
0.9,5,2,0.1,ps_forced_reset_ucb,110,12,11.192771780696921,9.137185633352354,13.248357928041488
0.9,5,2,0.1,ps_forced_reset_ucb,120,12,10.605352204127255,8.37862642397529,12.832077984279222
0.9,5,2,0.1,ps_forced_reset_ucb,130,12,9.533967168248315,7.405064538313052,11.662869798183578
0.9,5,2,0.1,ps_forced_reset_ucb,140,12,8.349349530675557,6.552573948264357,10.146125113086757
0.9,5,2,0.1,ps_forced_reset_ucb,150,12,7.5605411333741515,6.0161172203766515,9.104965046371651
0.9,5,2,0.1,ps_forced_reset_ucb,160,12,7.115989353346184,5.599577956622775,8.632400750069595
0.9,5,2,0.1,ps_forced_reset_ucb,170,12,6.619503586222183,5.161092417280037,8.077914755164327
0.9,5,2,0.1,ps_forced_reset_ucb,180,12,6.293641494852847,5.059593584118037,7.527689405587656
0.9,5,2,0.1,ps_forced_reset_ucb,190,12,6.040196554230735,4.774411562544763,7.305981545916707
0.9,5,2,0.1,ps_forced_reset_ucb,200,12,5.6925060100485085,4.255881533990831,7.129130486106186
0.9,5,2,0.1,ps_forced_reset_ucb,210,12,5.195012681661245,3.6814353863150004,6.70858997700749
0.9,5,2,0.1,ps_forced_reset_ucb,220,12,4.61079380487584,3.1086105758900366,6.112977033861643
0.9,5,2,0.1,ps_forced_reset_ucb,230,12,4.3524071064016905,2.883888294185806,5.820925918617575
0.9,5,2,0.1,ps_forced_reset_ucb,240,12,4.051827254952539,2.589718621902141,5.513935888002938
0.9,5,2,0.1,ps_forced_reset_ucb,250,12,3.803134861590294,2.303817013716238,5.302452709464349
0.9,5,2,0.1,ps_forced_reset_ucb,260,12,3.6744909732913817,2.202758626280763,5.146223320302001
0.9,5,2,0.1,ps_forced_reset_ucb,270,12,3.520791608392772,1.9445789900014845,5.09700422678406
0.9,5,2,0.1,ps_forced_reset_ucb,280,12,3.187156635947403,1.579954397989136,4.79435887390567
0.9,5,2,0.1,ps_forced_reset_ucb,290,12,2.88824296642906,1.25725741647333,4.51922851638479
0.9,5,2,0.1,ps_forced_reset_ucb,300,12,2.7485974230872894,1.0872072840022997,4.4099875621722795
0.9,5,2,0.1,ps_forced_reset_ucb,310,12,2.5480459010503886,0.8347744397848975,4.2613173623158795
0.9,5,2,0.1,ps_forced_reset_ucb,320,12,2.1044496491184126,0.3914705286878668,3.8174287695489584
0.9,5,2,0.1,ps_forced_reset_ucb,330,12,1.7631232835786455,0.14776290535376058,3.3784836618035303
0.9,5,2,0.1,ps_forced_reset_ucb,340,12,1.6564250429074427,0.08798525007737346,3.2248648357375123
0.9,5,2,0.1,ps_forced_reset_ucb,350,12,1.7605270793598555,0.19749373410606563,3.323560424613645
0.9,5,2,0.1,ps_forced_reset_ucb,360,12,1.8266981195406577,0.20619956341896883,3.4471966756623464
0.9,5,2,0.1,ps_forced_reset_ucb,370,12,1.684019418534132,0.07613734373450876,3.2919014933337554
0.9,5,2,0.1,ps_forced_reset_ucb,380,12,1.41228268896329,-0.19286545263417554,3.0174308305607553
0.9,5,2,0.1,ps_forced_reset_ucb,390,12,1.1989648159943365,-0.402380743908455,2.800310375897128
0.9,5,2,0.1,ps_forced_reset_ucb,400,12,1.022145139003121,-0.5257210572277933,2.5700113352340352
0.9,5,2,0.1,inflight_sco_ucb,10,12,-95.24822475775225,-95.69966639493624,-94.79678312056826
0.9,5,2,0.1,inflight_sco_ucb,20,12,-94.8564403722587,-95.14905011004154,-94.56383063447586
0.9,5,2,0.1,inflight_sco_ucb,30,12,-94.5688992720506,-94.77116989569016,-94.36662864841104
0.9,5,2,0.1,inflight_sco_ucb,40,12,-94.32215538713568,-94.50302610144426,-94.1412846728271
0.9,5,2,0.1,inflight_sco_ucb,50,12,-94.28229188858126,-94.435294165132,-94.1292896120305
0.9,5,2,0.1,inflight_sco_ucb,60,12,-94.31589083090104,-94.47295728727072,-94.15882437453136
0.9,5,2,0.1,inflight_sco_ucb,70,12,-94.34499574028568,-94.50285535391208,-94.18713612665928
0.9,5,2,0.1,inflight_sco_ucb,80,12,-94.35594784159389,-94.51839351614127,-94.1935021670465
0.9,5,2,0.1,inflight_sco_ucb,90,12,-94.42008337569798,-94.5712983241641,-94.26886842723187
0.9,5,2,0.1,inflight_sco_ucb,100,12,-94.4830660789948,-94.62276350466132,-94.34336865332827
0.9,5,2,0.1,inflight_sco_ucb,110,12,-94.51557408669676,-94.64826598718591,-94.38288218620761
0.9,5,2,0.1,inflight_sco_ucb,120,12,-94.53450133780588,-94.66536079223731,-94.40364188337445
0.9,5,2,0.1,inflight_sco_ucb,130,12,-94.53991013510945,-94.67227118462968,-94.40754908558922
0.9,5,2,0.1,inflight_sco_ucb,140,12,-94.58118285483202,-94.70565743492544,-94.4567082747386
0.9,5,2,0.1,inflight_sco_ucb,150,12,-94.63190404234575,-94.750037873844,-94.51377021084751
0.9,5,2,0.1,inflight_sco_ucb,160,12,-94.64839779170397,-94.75915845239115,-94.5376371310168
0.9,5,2,0.1,inflight_sco_ucb,170,12,-94.65518222760203,-94.76837438023153,-94.54199007497252
0.9,5,2,0.1,inflight_sco_ucb,180,12,-94.66516768247614,-94.78042089001514,-94.54991447493714
0.9,5,2,0.1,inflight_sco_ucb,190,12,-94.66979901240119,-94.78732746110104,-94.55227056370133
0.9,5,2,0.1,inflight_sco_ucb,200,12,-94.68893034781179,-94.80349290353479,-94.5743677920888
0.9,5,2,0.1,inflight_sco_ucb,210,12,-94.71282152359466,-94.82245845569066,-94.60318459149865
0.9,5,2,0.1,inflight_sco_ucb,220,12,-94.72922587455803,-94.83975353300032,-94.61869821611573
0.9,5,2,0.1,inflight_sco_ucb,230,12,-94.7312248289287,-94.84101529272226,-94.62143436513514
0.9,5,2,0.1,inflight_sco_ucb,240,12,-94.72662582231091,-94.83845988797484,-94.61479175664698
0.9,5,2,0.1,inflight_sco_ucb,250,12,-94.7286102043364,-94.83996187140326,-94.61725853726955
0.9,5,2,0.1,inflight_sco_ucb,260,12,-94.73592069116512,-94.84517852845867,-94.62666285387157
0.9,5,2,0.1,inflight_sco_ucb,270,12,-94.73940748954846,-94.84764462328478,-94.63117035581213
0.9,5,2,0.1,inflight_sco_ucb,280,12,-94.75019747015392,-94.86112385207218,-94.63927108823566
0.9,5,2,0.1,inflight_sco_ucb,290,12,-94.75342404144345,-94.86899393879227,-94.63785414409463
0.9,5,2,0.1,inflight_sco_ucb,300,12,-94.75635611956547,-94.86988467552068,-94.64282756361025
0.9,5,2,0.1,inflight_sco_ucb,310,12,-94.76575087362305,-94.87829755983488,-94.65320418741122
0.9,5,2,0.1,inflight_sco_ucb,320,12,-94.77855258333112,-94.88343899216608,-94.67366617449616
0.9,5,2,0.1,inflight_sco_ucb,330,12,-94.78440876493887,-94.88522711256144,-94.68359041731631
0.9,5,2,0.1,inflight_sco_ucb,340,12,-94.79344347184987,-94.8976561272172,-94.68923081648254
0.9,5,2,0.1,inflight_sco_ucb,350,12,-94.7944137857482,-94.89823634937403,-94.69059122212238
0.9,5,2,0.1,inflight_sco_ucb,360,12,-94.79458848685353,-94.89901828737668,-94.69015868633038
0.9,5,2,0.1,inflight_sco_ucb,370,12,-94.798079121897,-94.90728346286312,-94.68887478093089
0.9,5,2,0.1,inflight_sco_ucb,380,12,-94.80505569693224,-94.91571342025034,-94.69439797361414
0.9,5,2,0.1,inflight_sco_ucb,390,12,-94.80684169713743,-94.91740769863388,-94.69627569564098
0.9,5,2,0.1,inflight_sco_ucb,400,12,-94.80945220521255,-94.91619627259605,-94.70270813782905
0.9,0,4,0.2,cumulative_ucb_cv,10,12,17.192786967908507,11.034718660390379,23.350855275426635
0.9,0,4,0.2,cumulative_ucb_cv,20,12,17.3213244475375,13.489547251142875,21.153101643932125
0.9,0,4,0.2,cumulative_ucb_cv,30,12,17.39094530966422,13.879193363398418,20.902697255930025
0.9,0,4,0.2,cumulative_ucb_cv,40,12,16.614442737683827,13.433300738943393,19.795584736424264
0.9,0,4,0.2,cumulative_ucb_cv,50,12,15.848059534028138,13.389376137684767,18.30674293037151
0.9,0,4,0.2,cumulative_ucb_cv,60,12,15.262307847491238,12.860859693059439,17.663756001923037
0.9,0,4,0.2,cumulative_ucb_cv,70,12,14.782474691748357,12.637342560342727,16.927606823153987
0.9,0,4,0.2,cumulative_ucb_cv,80,12,14.527042024709681,12.534044631064933,16.52003941835443
0.9,0,4,0.2,cumulative_ucb_cv,90,12,14.23395126652734,12.311666213636721,16.156236319417957
0.9,0,4,0.2,cumulative_ucb_cv,100,12,14.030020586701367,11.985629491763534,16.074411681639198
0.9,0,4,0.2,cumulative_ucb_cv,110,12,13.339308928346826,11.55223798668003,15.126379870013622
0.9,0,4,0.2,cumulative_ucb_cv,120,12,13.253095816848917,11.584222353282058,14.921969280415777
0.9,0,4,0.2,cumulative_ucb_cv,130,12,13.074031709336856,11.476011853178655,14.672051565495057
0.9,0,4,0.2,cumulative_ucb_cv,140,12,12.896316429058212,11.282468812523328,14.510164045593095
0.9,0,4,0.2,cumulative_ucb_cv,150,12,12.781063001585473,11.163065061462321,14.399060941708624
0.9,0,4,0.2,cumulative_ucb_cv,160,12,12.468205603306629,11.103653877746462,13.832757328866796
0.9,0,4,0.2,cumulative_ucb_cv,170,12,12.24117066613861,10.744644137125537,13.737697195151682
0.9,0,4,0.2,cumulative_ucb_cv,180,12,12.083622322830264,10.610640612818045,13.556604032842483
0.9,0,4,0.2,cumulative_ucb_cv,190,12,11.86412855190765,10.341818342365633,13.386438761449666
0.9,0,4,0.2,cumulative_ucb_cv,200,12,11.755882405809501,10.321946951093189,13.189817860525814
0.9,0,4,0.2,cumulative_ucb_cv,210,12,11.695543813852922,10.183633413305788,13.207454214400055
0.9,0,4,0.2,cumulative_ucb_cv,220,12,11.722485028205947,10.29606526162201,13.148904794789884
0.9,0,4,0.2,cumulative_ucb_cv,230,12,11.610697365297598,10.247683315603622,12.973711414991575
0.9,0,4,0.2,cumulative_ucb_cv,240,12,11.53394383693304,10.267198015885597,12.800689657980481
0.9,0,4,0.2,cumulative_ucb_cv,250,12,11.47999860169621,10.225029909398092,12.734967293994327
0.9,0,4,0.2,cumulative_ucb_cv,260,12,11.371270012327704,10.124105224500758,12.61843480015465
0.9,0,4,0.2,cumulative_ucb_cv,270,12,11.209701163986225,10.014165901046026,12.405236426926423
0.9,0,4,0.2,cumulative_ucb_cv,280,12,11.016007782251831,9.866247501270081,12.165768063233582
0.9,0,4,0.2,cumulative_ucb_cv,290,12,10.952749381943141,9.821872040954592,12.08362672293169
0.9,0,4,0.2,cumulative_ucb_cv,300,12,10.834522470794747,9.699029990412434,11.97001495117706
0.9,0,4,0.2,cumulative_ucb_cv,310,12,10.76470977657685,9.62312317558465,11.906296377569051
0.9,0,4,0.2,cumulative_ucb_cv,320,12,10.615498469729275,9.452222084880482,11.778774854578067
0.9,0,4,0.2,cumulative_ucb_cv,330,12,10.450183361401171,9.26099799823449,11.639368724567852
0.9,0,4,0.2,cumulative_ucb_cv,340,12,10.305262783365142,9.16375251885314,11.446773047877144
0.9,0,4,0.2,cumulative_ucb_cv,350,12,10.317536931380147,9.17378144037129,11.461292422389004
0.9,0,4,0.2,cumulative_ucb_cv,360,12,10.42734978366064,9.294366972738118,11.560332594583162
0.9,0,4,0.2,cumulative_ucb_cv,370,12,10.257059653795155,9.187552094475382,11.326567213114927
0.9,0,4,0.2,cumulative_ucb_cv,380,12,10.152525130896777,9.126155011885809,11.178895249907745
0.9,0,4,0.2,cumulative_ucb_cv,390,12,10.143363853503388,9.138675220252496,11.14805248675428
0.9,0,4,0.2,cumulative_ucb_cv,400,12,10.04574998045223,9.046281783789894,11.045218177114567
0.9,0,4,0.2,sco_reset_ucb,10,12,16.393750880210867,9.73473507775715,23.052766682664583
0.9,0,4,0.2,sco_reset_ucb,20,12,16.943545083421398,12.85219482778503,21.034895339057766
0.9,0,4,0.2,sco_reset_ucb,30,12,17.304648594077317,13.853729267400858,20.755567920753776
0.9,0,4,0.2,sco_reset_ucb,40,12,16.11097646107091,12.90889178323926,19.313061138902558
0.9,0,4,0.2,sco_reset_ucb,50,12,14.640756561223236,12.224413200961424,17.057099921485047
0.9,0,4,0.2,sco_reset_ucb,60,12,13.242056275338697,11.096414193623678,15.387698357053717
0.9,0,4,0.2,sco_reset_ucb,70,12,12.235899649167793,10.343144870289446,14.12865442804614
0.9,0,4,0.2,sco_reset_ucb,80,12,11.10867792670812,9.497652606594198,12.719703246822043
0.9,0,4,0.2,sco_reset_ucb,90,12,10.692879275125799,9.007154776141432,12.378603774110166
0.9,0,4,0.2,sco_reset_ucb,100,12,9.936570242075616,8.11747609050856,11.755664393642672
0.9,0,4,0.2,sco_reset_ucb,110,12,8.984145796101418,7.546354695421898,10.421936896780936
0.9,0,4,0.2,sco_reset_ucb,120,12,8.456703841568944,7.1277147382876205,9.785692944850267
0.9,0,4,0.2,sco_reset_ucb,130,12,8.264479883835504,7.062320545759746,9.466639221911262
0.9,0,4,0.2,sco_reset_ucb,140,12,8.265424245975817,6.9396941086054955,9.591154383346138
0.9,0,4,0.2,sco_reset_ucb,150,12,7.852840282597221,6.547975223484828,9.157705341709613
0.9,0,4,0.2,sco_reset_ucb,160,12,7.65534537376035,6.566764825192999,8.743925922327701
0.9,0,4,0.2,sco_reset_ucb,170,12,7.190806448601016,6.058302535793917,8.323310361408115
0.9,0,4,0.2,sco_reset_ucb,180,12,6.6861031512082745,5.5474507894192655,7.8247555129972834
0.9,0,4,0.2,sco_reset_ucb,190,12,6.490939466160959,5.377323085969536,7.6045558463523815
0.9,0,4,0.2,sco_reset_ucb,200,12,6.369199772424096,5.309195426988429,7.429204117859763
0.9,0,4,0.2,sco_reset_ucb,210,12,6.452168968649848,5.324622390488049,7.579715546811647
0.9,0,4,0.2,sco_reset_ucb,220,12,6.691607381097243,5.60443634663407,7.778778415560416
0.9,0,4,0.2,sco_reset_ucb,230,12,6.507213582751196,5.429988629323898,7.584438536178494
0.9,0,4,0.2,sco_reset_ucb,240,12,6.265475264066038,5.2418946959024355,7.28905583222964
0.9,0,4,0.2,sco_reset_ucb,250,12,6.19882833657622,5.19975644530463,7.19790022784781
0.9,0,4,0.2,sco_reset_ucb,260,12,5.981440454479124,5.039119353387468,6.923761555570779
0.9,0,4,0.2,sco_reset_ucb,270,12,5.834408252644572,4.95925475770254,6.709561747586603
0.9,0,4,0.2,sco_reset_ucb,280,12,5.7443935650824685,4.919048136339876,6.5697389938250605
0.9,0,4,0.2,sco_reset_ucb,290,12,5.638870280088095,4.825759505309325,6.451981054866865
0.9,0,4,0.2,sco_reset_ucb,300,12,5.697442728984927,4.947609548596686,6.447275909373168
0.9,0,4,0.2,sco_reset_ucb,310,12,5.559787195574745,4.84125247630925,6.27832191484024
0.9,0,4,0.2,sco_reset_ucb,320,12,5.421378544611438,4.678819495774103,6.1639375934487735
0.9,0,4,0.2,sco_reset_ucb,330,12,5.309149186418318,4.583629715343855,6.03466865749278
0.9,0,4,0.2,sco_reset_ucb,340,12,5.232372653760179,4.5844415452572616,5.880303762263097
0.9,0,4,0.2,sco_reset_ucb,350,12,5.259531581065802,4.63269843406031,5.886364728071293
0.9,0,4,0.2,sco_reset_ucb,360,12,5.240822666031165,4.609542989416379,5.872102342645951
0.9,0,4,0.2,sco_reset_ucb,370,12,5.121225610257851,4.492459335256547,5.749991885259155
0.9,0,4,0.2,sco_reset_ucb,380,12,5.065306196579372,4.4743729350936725,5.6562394580650714
0.9,0,4,0.2,sco_reset_ucb,390,12,5.0329859330410285,4.367801796713546,5.698170069368511
0.9,0,4,0.2,sco_reset_ucb,400,12,4.940028742006309,4.293300981988623,5.586756502023994
0.9,0,4,0.2,ps_forced_reset_ucb,10,12,24.678259670254548,19.745730867639892,29.610788472869203
0.9,0,4,0.2,ps_forced_reset_ucb,20,12,21.646714313405994,17.618474125052273,25.674954501759714
0.9,0,4,0.2,ps_forced_reset_ucb,30,12,19.004598466963788,15.820608282804566,22.18858865112301
0.9,0,4,0.2,ps_forced_reset_ucb,40,12,18.03263330014582,15.627724625168204,20.437541975123438
0.9,0,4,0.2,ps_forced_reset_ucb,50,12,15.990403470797519,14.125171227779301,17.855635713815737
0.9,0,4,0.2,ps_forced_reset_ucb,60,12,15.886776941009062,14.081801613749597,17.691752268268527
0.9,0,4,0.2,ps_forced_reset_ucb,70,12,14.534923870999068,13.008420917674236,16.0614268243239
0.9,0,4,0.2,ps_forced_reset_ucb,80,12,13.306516962772312,11.70755793116777,14.905475994376854
0.9,0,4,0.2,ps_forced_reset_ucb,90,12,12.59589046978418,11.084202892288987,14.107578047279373
0.9,0,4,0.2,ps_forced_reset_ucb,100,12,11.554377158578196,10.07511921393853,13.033635103217863
0.9,0,4,0.2,ps_forced_reset_ucb,110,12,11.209693575374182,9.911607128366601,12.507780022381763
0.9,0,4,0.2,ps_forced_reset_ucb,120,12,10.420918121211484,9.258757936194641,11.583078306228327
0.9,0,4,0.2,ps_forced_reset_ucb,130,12,10.128679186364803,9.091871400071657,11.165486972657948
0.9,0,4,0.2,ps_forced_reset_ucb,140,12,9.928359481677807,8.790704951259006,11.066014012096609
0.9,0,4,0.2,ps_forced_reset_ucb,150,12,9.588254197697479,8.37570141166391,10.800806983731048
0.9,0,4,0.2,ps_forced_reset_ucb,160,12,9.578648303887205,8.549293297509122,10.608003310265287
0.9,0,4,0.2,ps_forced_reset_ucb,170,12,8.98563961236754,7.969032738920278,10.002246485814803
0.9,0,4,0.2,ps_forced_reset_ucb,180,12,8.511442334416744,7.464179348219368,9.55870532061412
0.9,0,4,0.2,ps_forced_reset_ucb,190,12,8.246576058419484,7.1856308283485975,9.30752128849037
0.9,0,4,0.2,ps_forced_reset_ucb,200,12,8.044996704154249,6.984857034696044,9.105136373612455
0.9,0,4,0.2,ps_forced_reset_ucb,210,12,8.456634546087406,7.372964684719361,9.540304407455451
0.9,0,4,0.2,ps_forced_reset_ucb,220,12,8.508648891450461,7.482458177933995,9.534839604966928
0.9,0,4,0.2,ps_forced_reset_ucb,230,12,8.257009808955479,7.186135131590486,9.327884486320471
0.9,0,4,0.2,ps_forced_reset_ucb,240,12,7.958848651074232,6.96955873004966,8.948138572098804
0.9,0,4,0.2,ps_forced_reset_ucb,250,12,7.812836384035612,6.849960540532177,8.775712227539048
0.9,0,4,0.2,ps_forced_reset_ucb,260,12,7.8809157297797645,7.031080156653563,8.730751302905967
0.9,0,4,0.2,ps_forced_reset_ucb,270,12,7.66828161343367,6.85709655425168,8.479466672615661
0.9,0,4,0.2,ps_forced_reset_ucb,280,12,7.458306317415559,6.676427955852674,8.240184678978444
0.9,0,4,0.2,ps_forced_reset_ucb,290,12,7.329072978037748,6.591345346739205,8.06680060933629
0.9,0,4,0.2,ps_forced_reset_ucb,300,12,7.276046609585408,6.528407568236897,8.023685650933919
0.9,0,4,0.2,ps_forced_reset_ucb,310,12,7.362514285370139,6.608317129707833,8.116711441032445
0.9,0,4,0.2,ps_forced_reset_ucb,320,12,7.254804263489105,6.557716652729728,7.951891874248482
0.9,0,4,0.2,ps_forced_reset_ucb,330,12,7.029772715581847,6.362953893658799,7.6965915375048946
0.9,0,4,0.2,ps_forced_reset_ucb,340,12,6.920392292487496,6.292814839410289,7.5479697455647035
0.9,0,4,0.2,ps_forced_reset_ucb,350,12,6.806224626574758,6.260787565561383,7.351661687588132
0.9,0,4,0.2,ps_forced_reset_ucb,360,12,7.050367860327003,6.500017415497927,7.600718305156079
0.9,0,4,0.2,ps_forced_reset_ucb,370,12,6.922745525366049,6.366177342972853,7.479313707759245
0.9,0,4,0.2,ps_forced_reset_ucb,380,12,6.834391642414816,6.295013711336617,7.373769573493014
0.9,0,4,0.2,ps_forced_reset_ucb,390,12,6.763632410867338,6.181604985143034,7.345659836591642
0.9,0,4,0.2,ps_forced_reset_ucb,400,12,6.601379461258255,6.015836835655604,7.186922086860907
0.9,0,4,0.2,inflight_sco_ucb,10,12,16.393750880210867,9.73473507775715,23.052766682664583
0.9,0,4,0.2,inflight_sco_ucb,20,12,16.943545083421398,12.85219482778503,21.034895339057766
0.9,0,4,0.2,inflight_sco_ucb,30,12,17.304648594077317,13.853729267400858,20.755567920753776
0.9,0,4,0.2,inflight_sco_ucb,40,12,16.11097646107091,12.90889178323926,19.313061138902558
0.9,0,4,0.2,inflight_sco_ucb,50,12,14.640756561223236,12.224413200961424,17.057099921485047
0.9,0,4,0.2,inflight_sco_ucb,60,12,13.242056275338697,11.096414193623678,15.387698357053717
0.9,0,4,0.2,inflight_sco_ucb,70,12,12.235899649167793,10.343144870289446,14.12865442804614
0.9,0,4,0.2,inflight_sco_ucb,80,12,11.10867792670812,9.497652606594198,12.719703246822043
0.9,0,4,0.2,inflight_sco_ucb,90,12,10.692879275125799,9.007154776141432,12.378603774110166
0.9,0,4,0.2,inflight_sco_ucb,100,12,9.936570242075616,8.11747609050856,11.755664393642672
0.9,0,4,0.2,inflight_sco_ucb,110,12,8.984145796101418,7.546354695421898,10.421936896780936
0.9,0,4,0.2,inflight_sco_ucb,120,12,8.456703841568944,7.1277147382876205,9.785692944850267
0.9,0,4,0.2,inflight_sco_ucb,130,12,8.264479883835504,7.062320545759746,9.466639221911262
0.9,0,4,0.2,inflight_sco_ucb,140,12,8.265424245975817,6.9396941086054955,9.591154383346138
0.9,0,4,0.2,inflight_sco_ucb,150,12,7.852840282597221,6.547975223484828,9.157705341709613
0.9,0,4,0.2,inflight_sco_ucb,160,12,7.65534537376035,6.566764825192999,8.743925922327701
0.9,0,4,0.2,inflight_sco_ucb,170,12,7.190806448601016,6.058302535793917,8.323310361408115
0.9,0,4,0.2,inflight_sco_ucb,180,12,6.6861031512082745,5.5474507894192655,7.8247555129972834
0.9,0,4,0.2,inflight_sco_ucb,190,12,6.490939466160959,5.377323085969536,7.6045558463523815
0.9,0,4,0.2,inflight_sco_ucb,200,12,6.369199772424096,5.309195426988429,7.429204117859763
0.9,0,4,0.2,inflight_sco_ucb,210,12,6.452168968649848,5.324622390488049,7.579715546811647
0.9,0,4,0.2,inflight_sco_ucb,220,12,6.691607381097243,5.60443634663407,7.778778415560416
0.9,0,4,0.2,inflight_sco_ucb,230,12,6.507213582751196,5.429988629323898,7.584438536178494
0.9,0,4,0.2,inflight_sco_ucb,240,12,6.265475264066038,5.2418946959024355,7.28905583222964
0.9,0,4,0.2,inflight_sco_ucb,250,12,6.19882833657622,5.19975644530463,7.19790022784781
0.9,0,4,0.2,inflight_sco_ucb,260,12,5.981440454479124,5.039119353387468,6.923761555570779
0.9,0,4,0.2,inflight_sco_ucb,270,12,5.834408252644572,4.95925475770254,6.709561747586603
0.9,0,4,0.2,inflight_sco_ucb,280,12,5.7443935650824685,4.919048136339876,6.5697389938250605
0.9,0,4,0.2,inflight_sco_ucb,290,12,5.638870280088095,4.825759505309325,6.451981054866865
0.9,0,4,0.2,inflight_sco_ucb,300,12,5.697442728984927,4.947609548596686,6.447275909373168
0.9,0,4,0.2,inflight_sco_ucb,310,12,5.559787195574745,4.84125247630925,6.27832191484024
0.9,0,4,0.2,inflight_sco_ucb,320,12,5.421378544611438,4.678819495774103,6.1639375934487735
0.9,0,4,0.2,inflight_sco_ucb,330,12,5.309149186418318,4.583629715343855,6.03466865749278
0.9,0,4,0.2,inflight_sco_ucb,340,12,5.232372653760179,4.5844415452572616,5.880303762263097
0.9,0,4,0.2,inflight_sco_ucb,350,12,5.259531581065802,4.63269843406031,5.886364728071293
0.9,0,4,0.2,inflight_sco_ucb,360,12,5.240822666031165,4.609542989416379,5.872102342645951
0.9,0,4,0.2,inflight_sco_ucb,370,12,5.121225610257851,4.492459335256547,5.749991885259155
0.9,0,4,0.2,inflight_sco_ucb,380,12,5.065306196579372,4.4743729350936725,5.6562394580650714
0.9,0,4,0.2,inflight_sco_ucb,390,12,5.0329859330410285,4.367801796713546,5.698170069368511
0.9,0,4,0.2,inflight_sco_ucb,400,12,4.940028742006309,4.293300981988623,5.586756502023994
0.9,1,4,0.2,cumulative_ucb_cv,10,12,17.497837282133446,12.112753436761722,22.88292112750517
0.9,1,4,0.2,cumulative_ucb_cv,20,12,17.575591695191616,13.416565253992099,21.734618136391134
0.9,1,4,0.2,cumulative_ucb_cv,30,12,18.56753728944527,14.797009701383136,22.338064877507403
0.9,1,4,0.2,cumulative_ucb_cv,40,12,17.348911216538276,14.228812367843364,20.46901006523319
0.9,1,4,0.2,cumulative_ucb_cv,50,12,16.81953777227098,14.469954566697723,19.169120977844237
0.9,1,4,0.2,cumulative_ucb_cv,60,12,16.73147660976409,14.555380661303257,18.907572558224924
0.9,1,4,0.2,cumulative_ucb_cv,70,12,16.230683723074456,13.955325775950111,18.5060416701988
0.9,1,4,0.2,cumulative_ucb_cv,80,12,15.616939549540918,13.29621272404864,17.937666375033196
0.9,1,4,0.2,cumulative_ucb_cv,90,12,15.50185172524663,13.225671296936403,17.778032153556854
0.9,1,4,0.2,cumulative_ucb_cv,100,12,15.760009367231321,13.483139863203856,18.036878871258786
0.9,1,4,0.2,cumulative_ucb_cv,110,12,15.432152560787229,13.24052998237504,17.623775139199417
0.9,1,4,0.2,cumulative_ucb_cv,120,12,15.045142560619722,12.944051725154896,17.146233396084547
0.9,1,4,0.2,cumulative_ucb_cv,130,12,14.803142705905849,12.636726856823394,16.969558554988303
0.9,1,4,0.2,cumulative_ucb_cv,140,12,14.769450184322189,12.820120968159303,16.718779400485072
0.9,1,4,0.2,cumulative_ucb_cv,150,12,14.575834085318654,12.721169089354879,16.43049908128243
0.9,1,4,0.2,cumulative_ucb_cv,160,12,14.421688384665574,12.626603935075682,16.216772834255465
0.9,1,4,0.2,cumulative_ucb_cv,170,12,14.437593134450383,12.575452603985255,16.29973366491551
0.9,1,4,0.2,cumulative_ucb_cv,180,12,14.253343787540159,12.360833526634577,16.145854048445738
0.9,1,4,0.2,cumulative_ucb_cv,190,12,14.107054478715654,12.29338053319782,15.920728424233488
0.9,1,4,0.2,cumulative_ucb_cv,200,12,14.09182697581643,12.375007647748266,15.808646303884593
0.9,1,4,0.2,cumulative_ucb_cv,210,12,14.017672788190039,12.352739013664337,15.68260656271574
0.9,1,4,0.2,cumulative_ucb_cv,220,12,13.883590313803646,12.217729144636921,15.54945148297037
0.9,1,4,0.2,cumulative_ucb_cv,230,12,13.768195067378779,12.185110516232822,15.351279618524735
0.9,1,4,0.2,cumulative_ucb_cv,240,12,13.6174221193059,12.036156308199567,15.198687930412232
0.9,1,4,0.2,cumulative_ucb_cv,250,12,13.348962041749738,11.778742580306307,14.919181503193169
0.9,1,4,0.2,cumulative_ucb_cv,260,12,13.24640607408704,11.710390254625423,14.782421893548658
0.9,1,4,0.2,cumulative_ucb_cv,270,12,12.947637078077134,11.460853478284346,14.434420677869923
0.9,1,4,0.2,cumulative_ucb_cv,280,12,12.874443631822864,11.420298140207775,14.328589123437952
0.9,1,4,0.2,cumulative_ucb_cv,290,12,12.713608919950296,11.314796918451513,14.112420921449079
0.9,1,4,0.2,cumulative_ucb_cv,300,12,12.649133990863751,11.243377329316516,14.054890652410986
0.9,1,4,0.2,cumulative_ucb_cv,310,12,12.602629184845561,11.189008775043963,14.01624959464716
0.9,1,4,0.2,cumulative_ucb_cv,320,12,12.47132476029635,11.06803762568873,13.87461189490397
0.9,1,4,0.2,cumulative_ucb_cv,330,12,12.452488339106198,11.110063220527056,13.79491345768534
0.9,1,4,0.2,cumulative_ucb_cv,340,12,12.387969987768962,11.082336840827661,13.693603134710262
0.9,1,4,0.2,cumulative_ucb_cv,350,12,12.377334263990626,11.058016817772284,13.696651710208968
0.9,1,4,0.2,cumulative_ucb_cv,360,12,12.27976305589273,10.945989828157325,13.613536283628134
0.9,1,4,0.2,cumulative_ucb_cv,370,12,12.216384092162032,10.923045755271596,13.509722429052468
0.9,1,4,0.2,cumulative_ucb_cv,380,12,12.101933892575834,10.891142676523506,13.312725108628163
0.9,1,4,0.2,cumulative_ucb_cv,390,12,11.997354786170021,10.753614732129487,13.241094840210556
0.9,1,4,0.2,cumulative_ucb_cv,400,12,11.96342609638802,10.741819597871517,13.185032594904522
0.9,1,4,0.2,sco_reset_ucb,10,12,17.30205403206104,12.2155132393376,22.38859482478448
0.9,1,4,0.2,sco_reset_ucb,20,12,17.209928232640284,13.650583434782238,20.76927303049833
0.9,1,4,0.2,sco_reset_ucb,30,12,18.11030004636373,14.6505099464623,21.57009014626516
0.9,1,4,0.2,sco_reset_ucb,40,12,16.98855230328351,14.019449413289077,19.95765519327794
0.9,1,4,0.2,sco_reset_ucb,50,12,16.034825783951614,13.720324624594257,18.34932694330897
0.9,1,4,0.2,sco_reset_ucb,60,12,14.819961237884668,12.804366190214436,16.8355562855549
0.9,1,4,0.2,sco_reset_ucb,70,12,13.65017718169804,11.785289463901474,15.515064899494607
0.9,1,4,0.2,sco_reset_ucb,80,12,12.39166906338638,10.604867466727569,14.178470660045193
0.9,1,4,0.2,sco_reset_ucb,90,12,11.993470234255414,10.194699364450683,13.792241104060144
0.9,1,4,0.2,sco_reset_ucb,100,12,11.71872689533285,9.981488816358771,13.455964974306928
0.9,1,4,0.2,sco_reset_ucb,110,12,10.96134658188236,9.244715667282382,12.677977496482338
0.9,1,4,0.2,sco_reset_ucb,120,12,10.512639766088148,8.876574920037525,12.14870461213877
0.9,1,4,0.2,sco_reset_ucb,130,12,10.209228160572279,8.573219383918763,11.845236937225794
0.9,1,4,0.2,sco_reset_ucb,140,12,9.936849985786127,8.626515732802838,11.247184238769416
0.9,1,4,0.2,sco_reset_ucb,150,12,9.661182925328875,8.291799166151526,11.030566684506224
0.9,1,4,0.2,sco_reset_ucb,160,12,9.33187679154771,7.964697917220686,10.699055665874734
0.9,1,4,0.2,sco_reset_ucb,170,12,9.252013643921016,7.870527134514171,10.63350015332786
0.9,1,4,0.2,sco_reset_ucb,180,12,8.983843420592342,7.592639848188133,10.37504699299655
0.9,1,4,0.2,sco_reset_ucb,190,12,8.841009244190928,7.442634271487837,10.23938421689402
0.9,1,4,0.2,sco_reset_ucb,200,12,8.845989906341822,7.5521757267247756,10.139804085958868
0.9,1,4,0.2,sco_reset_ucb,210,12,8.840194960198001,7.599370424044071,10.081019496351932
0.9,1,4,0.2,sco_reset_ucb,220,12,8.737415089067069,7.5294409581040815,9.945389220030057
0.9,1,4,0.2,sco_reset_ucb,230,12,8.49606062774667,7.238820570936205,9.753300684557138
0.9,1,4,0.2,sco_reset_ucb,240,12,8.317039174253429,7.099696726906524,9.534381621600334
0.9,1,4,0.2,sco_reset_ucb,250,12,8.140589309020477,6.937198457932447,9.343980160108506
0.9,1,4,0.2,sco_reset_ucb,260,12,8.016762175734023,6.835175758116137,9.198348593351907
0.9,1,4,0.2,sco_reset_ucb,270,12,7.7316139377869115,6.596526203942815,8.866701671631008
0.9,1,4,0.2,sco_reset_ucb,280,12,7.607637379181971,6.500385407785067,8.714889350578876
0.9,1,4,0.2,sco_reset_ucb,290,12,7.520375658031188,6.475514892915826,8.565236423146551
0.9,1,4,0.2,sco_reset_ucb,300,12,7.475773588069186,6.478416126522236,8.473131049616136
0.9,1,4,0.2,sco_reset_ucb,310,12,7.4642006762620206,6.480039671180059,8.448361681343982
0.9,1,4,0.2,sco_reset_ucb,320,12,7.257873550147605,6.318359459776268,8.197387640518942
0.9,1,4,0.2,sco_reset_ucb,330,12,7.237682570843213,6.377501932125813,8.097863209560613
0.9,1,4,0.2,sco_reset_ucb,340,12,7.268281293435675,6.428140356323421,8.108422230547928
0.9,1,4,0.2,sco_reset_ucb,350,12,7.232569598357446,6.377618491790028,8.087520704924863
0.9,1,4,0.2,sco_reset_ucb,360,12,7.183406311090384,6.301742988190113,8.065069633990657
0.9,1,4,0.2,sco_reset_ucb,370,12,7.150083406947165,6.292680487545479,8.00748632634885
0.9,1,4,0.2,sco_reset_ucb,380,12,7.012968136481227,6.1597205608210395,7.866215712141415
0.9,1,4,0.2,sco_reset_ucb,390,12,6.939451401644884,6.06036083323773,7.8185419700520375
0.9,1,4,0.2,sco_reset_ucb,400,12,6.875263148979097,6.005898011411592,7.744628286546602
0.9,1,4,0.2,ps_forced_reset_ucb,10,12,13.980365447933112,7.994583912023719,19.966146983842506
0.9,1,4,0.2,ps_forced_reset_ucb,20,12,16.156858075138288,12.615147644114518,19.698568506162058
0.9,1,4,0.2,ps_forced_reset_ucb,30,12,16.764031078814444,13.648290240665622,19.879771916963264
0.9,1,4,0.2,ps_forced_reset_ucb,40,12,16.056699368491223,13.349459343537601,18.763939393444844
0.9,1,4,0.2,ps_forced_reset_ucb,50,12,15.241229632805293,12.831416900322258,17.65104236528833
0.9,1,4,0.2,ps_forced_reset_ucb,60,12,13.058423448303309,10.920854656875788,15.19599223973083
0.9,1,4,0.2,ps_forced_reset_ucb,70,12,12.197848945406136,10.305766332526705,14.089931558285567
0.9,1,4,0.2,ps_forced_reset_ucb,80,12,11.196900197488128,9.439913881221834,12.953886513754423
0.9,1,4,0.2,ps_forced_reset_ucb,90,12,10.875110112695701,9.028954569409557,12.721265655981846
0.9,1,4,0.2,ps_forced_reset_ucb,100,12,10.580817320635521,8.875561081523857,12.286073559747186
0.9,1,4,0.2,ps_forced_reset_ucb,110,12,9.82859217218447,8.156007496943872,11.501176847425068
0.9,1,4,0.2,ps_forced_reset_ucb,120,12,9.27933573065602,7.744401193540219,10.814270267771821
0.9,1,4,0.2,ps_forced_reset_ucb,130,12,9.119170263074063,7.623565939221312,10.614774586926814
0.9,1,4,0.2,ps_forced_reset_ucb,140,12,8.82530845991055,7.534520541935995,10.116096377885105
0.9,1,4,0.2,ps_forced_reset_ucb,150,12,8.773037668043337,7.508191118860686,10.037884217225987
0.9,1,4,0.2,ps_forced_reset_ucb,160,12,8.093033391101804,6.8222716170610616,9.363795165142546
0.9,1,4,0.2,ps_forced_reset_ucb,170,12,7.891522876391086,6.4917618403400015,9.291283912442172
0.9,1,4,0.2,ps_forced_reset_ucb,180,12,7.688209699446934,6.308018751947596,9.068400646946271
0.9,1,4,0.2,ps_forced_reset_ucb,190,12,7.693556905095345,6.392054710755531,8.99505909943516
0.9,1,4,0.2,ps_forced_reset_ucb,200,12,7.598321458579445,6.379855929096626,8.816786988062264
0.9,1,4,0.2,ps_forced_reset_ucb,210,12,7.586780458044526,6.3146029447112015,8.858957971377851
0.9,1,4,0.2,ps_forced_reset_ucb,220,12,7.529791975340924,6.329435398892915,8.730148551788933
0.9,1,4,0.2,ps_forced_reset_ucb,230,12,7.384819821693408,6.179947122722762,8.589692520664054
0.9,1,4,0.2,ps_forced_reset_ucb,240,12,7.230381989212994,6.047717089975305,8.413046888450683
0.9,1,4,0.2,ps_forced_reset_ucb,250,12,7.087318199821372,5.88521493021661,8.289421469426134
0.9,1,4,0.2,ps_forced_reset_ucb,260,12,6.783931229611858,5.63769756821677,7.930164891006947
0.9,1,4,0.2,ps_forced_reset_ucb,270,12,6.539358899454238,5.4657318645530815,7.612985934355395
0.9,1,4,0.2,ps_forced_reset_ucb,280,12,6.492907607889934,5.426579967301506,7.559235248478362
0.9,1,4,0.2,ps_forced_reset_ucb,290,12,6.458177016662558,5.413695252067058,7.502658781258058
0.9,1,4,0.2,ps_forced_reset_ucb,300,12,6.457571099449908,5.420515936126213,7.494626262773602
0.9,1,4,0.2,ps_forced_reset_ucb,310,12,6.347177247072614,5.368737894666378,7.325616599478851
0.9,1,4,0.2,ps_forced_reset_ucb,320,12,6.248483383507781,5.263819090649396,7.233147676366166
0.9,1,4,0.2,ps_forced_reset_ucb,330,12,6.1765749999638,5.232413875087469,7.120736124840131
0.9,1,4,0.2,ps_forced_reset_ucb,340,12,6.178745699876921,5.284352918867276,7.073138480886566
0.9,1,4,0.2,ps_forced_reset_ucb,350,12,6.198024963757699,5.287123205972114,7.108926721543283
0.9,1,4,0.2,ps_forced_reset_ucb,360,12,6.105071680114713,5.1672780634179,7.0428652968115255
0.9,1,4,0.2,ps_forced_reset_ucb,370,12,6.0485690105317325,5.123667468855838,6.973470552207627
0.9,1,4,0.2,ps_forced_reset_ucb,380,12,5.895946855326749,4.979836481020541,6.812057229632957
0.9,1,4,0.2,ps_forced_reset_ucb,390,12,5.812069019586786,4.893067993485991,6.731070045687581
0.9,1,4,0.2,ps_forced_reset_ucb,400,12,5.803127645808551,4.870644363706394,6.735610927910707
0.9,1,4,0.2,inflight_sco_ucb,10,12,-52.351055660077186,-54.41854557839926,-50.28356574175511
0.9,1,4,0.2,inflight_sco_ucb,20,12,-51.511840433372875,-52.91663129329558,-50.10704957345017
0.9,1,4,0.2,inflight_sco_ucb,30,12,-51.33803994693083,-52.57101966219659,-50.105060231665064
0.9,1,4,0.2,inflight_sco_ucb,40,12,-51.842388955201734,-52.925197430276924,-50.759580480126544
0.9,1,4,0.2,inflight_sco_ucb,50,12,-52.407548147475005,-53.46971799059422,-51.34537830435579
0.9,1,4,0.2,inflight_sco_ucb,60,12,-52.75793306134627,-53.62189129706321,-51.893974825629336
0.9,1,4,0.2,inflight_sco_ucb,70,12,-53.156126460485524,-53.91968889513459,-52.39256402583646
0.9,1,4,0.2,inflight_sco_ucb,80,12,-53.49746046331319,-54.26503279500358,-52.7298881316228
0.9,1,4,0.2,inflight_sco_ucb,90,12,-53.483231732127045,-54.31076745140586,-52.65569601284823
0.9,1,4,0.2,inflight_sco_ucb,100,12,-53.68889750384087,-54.430972304220276,-52.946822703461464
0.9,1,4,0.2,inflight_sco_ucb,110,12,-53.90291662884906,-54.58382127147171,-53.22201198622641
0.9,1,4,0.2,inflight_sco_ucb,120,12,-54.150227662491545,-54.81598176952058,-53.48447355546251
0.9,1,4,0.2,inflight_sco_ucb,130,12,-54.24006140680449,-54.90116276246874,-53.57896005114024
0.9,1,4,0.2,inflight_sco_ucb,140,12,-54.26880011353851,-54.84974992347962,-53.6878503035974
0.9,1,4,0.2,inflight_sco_ucb,150,12,-54.357453296145444,-54.89881507554393,-53.81609151674696
0.9,1,4,0.2,inflight_sco_ucb,160,12,-54.46563884651972,-55.057684322244626,-53.87359337079481
0.9,1,4,0.2,inflight_sco_ucb,170,12,-54.53992592289928,-55.15923281642341,-53.920619029375146
0.9,1,4,0.2,inflight_sco_ucb,180,12,-54.63410357743782,-55.27224004593534,-53.9959671089403
0.9,1,4,0.2,inflight_sco_ucb,190,12,-54.75486768450034,-55.35098633561201,-54.158749033388666
0.9,1,4,0.2,inflight_sco_ucb,200,12,-54.76069690430574,-55.345912192934904,-54.175481615676574
0.9,1,4,0.2,inflight_sco_ucb,210,12,-54.68454455524136,-55.22129130908166,-54.14779780140106
0.9,1,4,0.2,inflight_sco_ucb,220,12,-54.65729177838302,-55.15717408449134,-54.1574094722747
0.9,1,4,0.2,inflight_sco_ucb,230,12,-54.77419504629344,-55.28370086130941,-54.26468923127747
0.9,1,4,0.2,inflight_sco_ucb,240,12,-54.777435413629924,-55.27995943590842,-54.27491139135143
0.9,1,4,0.2,inflight_sco_ucb,250,12,-54.829965797832955,-55.318211401988215,-54.341720193677695
0.9,1,4,0.2,inflight_sco_ucb,260,12,-54.86086842863484,-55.370794918102085,-54.35094193916759
0.9,1,4,0.2,inflight_sco_ucb,270,12,-54.973367039015045,-55.44952214171713,-54.49721193631296
0.9,1,4,0.2,inflight_sco_ucb,280,12,-55.02410831052712,-55.50517978125145,-54.54303683980279
0.9,1,4,0.2,inflight_sco_ucb,290,12,-55.06089078063999,-55.52796290124661,-54.593818660033364
0.9,1,4,0.2,inflight_sco_ucb,300,12,-55.040996744315144,-55.4837355880525,-54.59825790057779
0.9,1,4,0.2,inflight_sco_ucb,310,12,-55.05868831450925,-55.4778465612095,-54.63953006780899
0.9,1,4,0.2,inflight_sco_ucb,320,12,-55.136349733881815,-55.533613832651106,-54.739085635112524
0.9,1,4,0.2,inflight_sco_ucb,330,12,-55.15111826696491,-55.53129666445075,-54.770939869479065
0.9,1,4,0.2,inflight_sco_ucb,340,12,-55.122367658765775,-55.51741777303591,-54.72731754449564
0.9,1,4,0.2,inflight_sco_ucb,350,12,-55.13792330517065,-55.54836010380909,-54.727486506532216
0.9,1,4,0.2,inflight_sco_ucb,360,12,-55.14979118159784,-55.537899493286425,-54.76168286990926
0.9,1,4,0.2,inflight_sco_ucb,370,12,-55.14419676764379,-55.52650186241335,-54.761891672874235
0.9,1,4,0.2,inflight_sco_ucb,380,12,-55.22161220694832,-55.599711925898376,-54.84351248799827
0.9,1,4,0.2,inflight_sco_ucb,390,12,-55.238061898385865,-55.6249538312391,-54.851169965532634
0.9,1,4,0.2,inflight_sco_ucb,400,12,-55.271734748522285,-55.673167103475905,-54.870302393568664
0.9,3,4,0.2,cumulative_ucb_cv,10,12,14.596718269627951,7.772057098206891,21.421379441049012
0.9,3,4,0.2,cumulative_ucb_cv,20,12,22.117070358588695,18.20665355218611,26.02748716499128
0.9,3,4,0.2,cumulative_ucb_cv,30,12,21.338554293308732,18.283022160607548,24.394086426009917
0.9,3,4,0.2,cumulative_ucb_cv,40,12,20.123074663458098,17.009744495992912,23.236404830923284
0.9,3,4,0.2,cumulative_ucb_cv,50,12,19.638598720480648,17.273285971840757,22.00391146912054
0.9,3,4,0.2,cumulative_ucb_cv,60,12,19.13134519201824,16.4891529965036,21.773537387532883
0.9,3,4,0.2,cumulative_ucb_cv,70,12,18.262183798805093,16.07641647579561,20.447951121814576
0.9,3,4,0.2,cumulative_ucb_cv,80,12,18.114467922723865,16.18599272716802,20.04294311827971
0.9,3,4,0.2,cumulative_ucb_cv,90,12,17.749987366288398,15.87886182161774,19.621112910959056
0.9,3,4,0.2,cumulative_ucb_cv,100,12,17.70305840622809,16.052919074534557,19.353197737921626
0.9,3,4,0.2,cumulative_ucb_cv,110,12,17.086266074067677,15.392496297820015,18.78003585031534
0.9,3,4,0.2,cumulative_ucb_cv,120,12,17.159242362683027,15.254396760934439,19.064087964431614
0.9,3,4,0.2,cumulative_ucb_cv,130,12,16.86999045591813,15.209220767356602,18.53076014447966
0.9,3,4,0.2,cumulative_ucb_cv,140,12,16.815111429118428,15.317103535867645,18.31311932236921
0.9,3,4,0.2,cumulative_ucb_cv,150,12,16.56970432606453,14.93406032279383,18.205348329335234
0.9,3,4,0.2,cumulative_ucb_cv,160,12,16.43514857727715,14.779199375295729,18.091097779258572
0.9,3,4,0.2,cumulative_ucb_cv,170,12,16.17675480689589,14.471465858137918,17.88204375565386
0.9,3,4,0.2,cumulative_ucb_cv,180,12,15.980004079435163,14.425174475319064,17.534833683551263
0.9,3,4,0.2,cumulative_ucb_cv,190,12,15.86240436963046,14.360651237165584,17.364157502095335
0.9,3,4,0.2,cumulative_ucb_cv,200,12,15.779163495232886,14.265192271623388,17.293134718842385
0.9,3,4,0.2,cumulative_ucb_cv,210,12,15.57749744135326,14.146980130933407,17.008014751773114
0.9,3,4,0.2,cumulative_ucb_cv,220,12,15.546481994741626,13.992042055147767,17.100921934335485
0.9,3,4,0.2,cumulative_ucb_cv,230,12,15.491948907576536,14.018693803615355,16.96520401153772
0.9,3,4,0.2,cumulative_ucb_cv,240,12,15.422738457418825,13.925511578511516,16.919965336326136
0.9,3,4,0.2,cumulative_ucb_cv,250,12,15.303661344217112,13.841197034832645,16.766125653601577
0.9,3,4,0.2,cumulative_ucb_cv,260,12,15.031018227710781,13.562890922738765,16.4991455326828
0.9,3,4,0.2,cumulative_ucb_cv,270,12,14.825034825767041,13.37423581748007,16.275833834054012
0.9,3,4,0.2,cumulative_ucb_cv,280,12,14.609561191631386,13.216536248113568,16.0025861351492
0.9,3,4,0.2,cumulative_ucb_cv,290,12,14.460281716628382,13.129235584494984,15.79132784876178
0.9,3,4,0.2,cumulative_ucb_cv,300,12,14.332754143091632,13.020235934177691,15.645272352005573
0.9,3,4,0.2,cumulative_ucb_cv,310,12,14.184073321884057,12.855858374769182,15.512288268998931
0.9,3,4,0.2,cumulative_ucb_cv,320,12,14.068825227976056,12.816762331726698,15.320888124225414
0.9,3,4,0.2,cumulative_ucb_cv,330,12,13.991992273355498,12.76736226330333,15.216622283407666
0.9,3,4,0.2,cumulative_ucb_cv,340,12,13.813799187389492,12.569604270299187,15.057994104479796
0.9,3,4,0.2,cumulative_ucb_cv,350,12,13.745842998649088,12.550664188296519,14.941021809001658
0.9,3,4,0.2,cumulative_ucb_cv,360,12,13.664799698262613,12.49061913024309,14.838980266282135
0.9,3,4,0.2,cumulative_ucb_cv,370,12,13.519703954221193,12.316787774069196,14.722620134373189
0.9,3,4,0.2,cumulative_ucb_cv,380,12,13.424165736703545,12.300958804460137,14.547372668946952
0.9,3,4,0.2,cumulative_ucb_cv,390,12,13.358846409526214,12.281358548440366,14.436334270612061
0.9,3,4,0.2,cumulative_ucb_cv,400,12,13.24037102705491,12.136982153741236,14.343759900368585
0.9,3,4,0.2,sco_reset_ucb,10,12,13.530378069547373,8.773004132782525,18.28775200631222
0.9,3,4,0.2,sco_reset_ucb,20,12,20.805780706303917,17.51135147364107,24.100209938966763
0.9,3,4,0.2,sco_reset_ucb,30,12,20.565402360737647,17.738372114882488,23.392432606592806
0.9,3,4,0.2,sco_reset_ucb,40,12,19.23567145113085,16.22811273618191,22.243230166079794
0.9,3,4,0.2,sco_reset_ucb,50,12,18.174393591139356,15.726512348081016,20.622274834197697
0.9,3,4,0.2,sco_reset_ucb,60,12,16.92158321774068,14.387957682701202,19.455208752780155
0.9,3,4,0.2,sco_reset_ucb,70,12,15.70991670790376,13.60659682199561,17.81323659381191
0.9,3,4,0.2,sco_reset_ucb,80,12,14.676486868777777,12.79034940445823,16.562624333097325
0.9,3,4,0.2,sco_reset_ucb,90,12,13.907619103915268,12.207644612566586,15.60759359526395
0.9,3,4,0.2,sco_reset_ucb,100,12,13.443294496456204,11.993252541665356,14.893336451247052
0.9,3,4,0.2,sco_reset_ucb,110,12,12.82804831506668,11.369325891560871,14.286770738572487
0.9,3,4,0.2,sco_reset_ucb,120,12,12.621771950393489,11.128735767153238,14.11480813363374
0.9,3,4,0.2,sco_reset_ucb,130,12,12.21402059751072,10.85927347358155,13.568767721439889
0.9,3,4,0.2,sco_reset_ucb,140,12,11.873114274375249,10.676164600770658,13.07006394797984
0.9,3,4,0.2,sco_reset_ucb,150,12,11.587958195753883,10.260063658334293,12.915852733173473
0.9,3,4,0.2,sco_reset_ucb,160,12,11.144269625365169,9.896831117459719,12.391708133270619
0.9,3,4,0.2,sco_reset_ucb,170,12,10.958507512941132,9.704365130948908,12.212649894933357
0.9,3,4,0.2,sco_reset_ucb,180,12,10.570320215971316,9.468666329357198,11.671974102585434
0.9,3,4,0.2,sco_reset_ucb,190,12,10.456968967724634,9.312923278905322,11.601014656543947
0.9,3,4,0.2,sco_reset_ucb,200,12,10.296131328256708,9.101952975237092,11.490309681276324
0.9,3,4,0.2,sco_reset_ucb,210,12,10.140123964321175,8.91458940686039,11.36565852178196
0.9,3,4,0.2,sco_reset_ucb,220,12,10.020857514870238,8.774380859436794,11.267334170303682
0.9,3,4,0.2,sco_reset_ucb,230,12,10.136215098039152,8.966098470928248,11.306331725150056
0.9,3,4,0.2,sco_reset_ucb,240,12,9.920740982775746,8.789376936763343,11.052105028788148
0.9,3,4,0.2,sco_reset_ucb,250,12,9.847997765612282,8.695760325053234,11.00023520617133
0.9,3,4,0.2,sco_reset_ucb,260,12,9.646288605269218,8.540425722946456,10.75215148759198
0.9,3,4,0.2,sco_reset_ucb,270,12,9.422421557683528,8.296411961131028,10.548431154236027
0.9,3,4,0.2,sco_reset_ucb,280,12,9.230200201083042,8.230637969298131,10.229762432867952
0.9,3,4,0.2,sco_reset_ucb,290,12,9.058832936155065,8.162018027264807,9.955647845045323
0.9,3,4,0.2,sco_reset_ucb,300,12,8.862247580754472,8.07721063194396,9.647284529564985
0.9,3,4,0.2,sco_reset_ucb,310,12,8.76847491748111,7.927611379719053,9.609338455243165
0.9,3,4,0.2,sco_reset_ucb,320,12,8.625867531716327,7.864970386705692,9.386764676726962
0.9,3,4,0.2,sco_reset_ucb,330,12,8.605245598321138,7.838965303297723,9.371525893344554
0.9,3,4,0.2,sco_reset_ucb,340,12,8.466153751626889,7.7442413574844,9.188066145769378
0.9,3,4,0.2,sco_reset_ucb,350,12,8.523868355224804,7.7998473160424595,9.24788939440715
0.9,3,4,0.2,sco_reset_ucb,360,12,8.389933798394765,7.689556296064438,9.09031130072509
0.9,3,4,0.2,sco_reset_ucb,370,12,8.359098732811063,7.59076689744674,9.127430568175384
0.9,3,4,0.2,sco_reset_ucb,380,12,8.239056082773603,7.500128011750197,8.977984153797008
0.9,3,4,0.2,sco_reset_ucb,390,12,8.160518013458534,7.458484233940724,8.862551792976342
0.9,3,4,0.2,sco_reset_ucb,400,12,8.051501312047959,7.338702434074716,8.764300190021203
0.9,3,4,0.2,ps_forced_reset_ucb,10,12,3.708808705874281,-0.6400295551294128,8.057646966877975
0.9,3,4,0.2,ps_forced_reset_ucb,20,12,6.430098412176619,2.948035477967519,9.91216134638572
0.9,3,4,0.2,ps_forced_reset_ucb,30,12,9.749572105113309,7.0496819593046585,12.44946225092196
0.9,3,4,0.2,ps_forced_reset_ucb,40,12,11.202462287736127,8.69848748041425,13.706437095058003
0.9,3,4,0.2,ps_forced_reset_ucb,50,12,12.91948549899506,10.705175986627596,15.133795011362524
0.9,3,4,0.2,ps_forced_reset_ucb,60,12,10.558974694633646,8.371205039554177,12.746744349713115
0.9,3,4,0.2,ps_forced_reset_ucb,70,12,8.024939358411997,6.065988802632534,9.98388991419146
0.9,3,4,0.2,ps_forced_reset_ucb,80,12,7.667736588857623,5.910632945032525,9.42484023268272
0.9,3,4,0.2,ps_forced_reset_ucb,90,12,7.906071925956058,6.173996185901708,9.638147666010408
0.9,3,4,0.2,ps_forced_reset_ucb,100,12,8.229170012768275,6.883330248529685,9.575009777006866
0.9,3,4,0.2,ps_forced_reset_ucb,110,12,7.1812888262651375,5.681526617428693,8.681051035101582
0.9,3,4,0.2,ps_forced_reset_ucb,120,12,5.865335532754216,4.345522140906961,7.385148924601471
0.9,3,4,0.2,ps_forced_reset_ucb,130,12,5.8354886262196635,4.312590236175888,7.358387016263439
0.9,3,4,0.2,ps_forced_reset_ucb,140,12,5.841484201973455,4.4734226187869375,7.209545785159973
0.9,3,4,0.2,ps_forced_reset_ucb,150,12,6.159272927261772,4.679447367232505,7.639098487291038
0.9,3,4,0.2,ps_forced_reset_ucb,160,12,5.730695824705392,4.285198091811916,7.176193557598868
0.9,3,4,0.2,ps_forced_reset_ucb,170,12,4.842597391877048,3.3338975860982103,6.351297197655885
0.9,3,4,0.2,ps_forced_reset_ucb,180,12,4.8023932408902406,3.377037475733833,6.227749006046649
0.9,3,4,0.2,ps_forced_reset_ucb,190,12,5.0037001024943075,3.6252856703142724,6.382114534674343
0.9,3,4,0.2,ps_forced_reset_ucb,200,12,5.035434545166663,3.4959561022053762,6.57491298812795
0.9,3,4,0.2,ps_forced_reset_ucb,210,12,4.764200272485973,3.272916622237795,6.255483922734151
0.9,3,4,0.2,ps_forced_reset_ucb,220,12,4.234823273100765,2.729319660681992,5.740326885519537
0.9,3,4,0.2,ps_forced_reset_ucb,230,12,4.311705262752472,2.8647285311146833,5.758681994390261
0.9,3,4,0.2,ps_forced_reset_ucb,240,12,4.260074294575306,2.90840584427898,5.6117427448716315
0.9,3,4,0.2,ps_forced_reset_ucb,250,12,4.50004231220583,3.145521728197159,5.8545628962145
0.9,3,4,0.2,ps_forced_reset_ucb,260,12,4.156491479270985,2.850712424847693,5.4622705336942765
0.9,3,4,0.2,ps_forced_reset_ucb,270,12,3.633397583581708,2.245520246850184,5.021274920313232
0.9,3,4,0.2,ps_forced_reset_ucb,280,12,3.4722701774601568,2.1722882811372806,4.772252073783033
0.9,3,4,0.2,ps_forced_reset_ucb,290,12,3.444915063791939,2.204071394117278,4.685758733466599
0.9,3,4,0.2,ps_forced_reset_ucb,300,12,3.4783749501509966,2.303842467485372,4.652907432816621
0.9,3,4,0.2,ps_forced_reset_ucb,310,12,3.302792046852319,2.1195032047327818,4.486080888971856
0.9,3,4,0.2,ps_forced_reset_ucb,320,12,2.822188050853043,1.7309079136082328,3.913468188097853
0.9,3,4,0.2,ps_forced_reset_ucb,330,12,2.8443543932400233,1.7324841735545304,3.9562246129255163
0.9,3,4,0.2,ps_forced_reset_ucb,340,12,3.026699735131625,1.939485486199348,4.1139139840639025
0.9,3,4,0.2,ps_forced_reset_ucb,350,12,3.160948821347553,2.1309091376269773,4.190988505068129
0.9,3,4,0.2,ps_forced_reset_ucb,360,12,2.9523614104618616,1.9299268618606666,3.974795959063057
0.9,3,4,0.2,ps_forced_reset_ucb,370,12,2.650729252681287,1.6627101000200284,3.638748405342546
0.9,3,4,0.2,ps_forced_reset_ucb,380,12,2.507585480130016,1.5293368998506183,3.4858340604094136
0.9,3,4,0.2,ps_forced_reset_ucb,390,12,2.668783706457889,1.6909956657670546,3.646571747148723
0.9,3,4,0.2,ps_forced_reset_ucb,400,12,2.7204294421317727,1.7132191119642883,3.7276397722992574
0.9,3,4,0.2,inflight_sco_ucb,10,12,-77.02555186455619,-78.37655648541354,-75.67454724369884
0.9,3,4,0.2,inflight_sco_ucb,20,12,-76.10399420251389,-77.12862009134045,-75.07936831368733
0.9,3,4,0.2,inflight_sco_ucb,30,12,-75.97413195088414,-76.82217583127778,-75.12608807049051
0.9,3,4,0.2,inflight_sco_ucb,40,12,-76.27660478638408,-76.8941754635811,-75.65903410918706
0.9,3,4,0.2,inflight_sco_ucb,50,12,-76.43065620411215,-76.94207152309818,-75.91924088512613
0.9,3,4,0.2,inflight_sco_ucb,60,12,-76.5702421555049,-77.1209900171084,-76.0194942939014
0.9,3,4,0.2,inflight_sco_ucb,70,12,-76.71062826270989,-77.22107367564827,-76.20018284977151
0.9,3,4,0.2,inflight_sco_ucb,80,12,-76.84298762580347,-77.36169748345259,-76.32427776815436
0.9,3,4,0.2,inflight_sco_ucb,90,12,-76.93025928084295,-77.4376338537978,-76.42288470788809
0.9,3,4,0.2,inflight_sco_ucb,100,12,-76.9061198224414,-77.43465049275592,-76.37758915212687
0.9,3,4,0.2,inflight_sco_ucb,110,12,-77.10763461985802,-77.59302288168375,-76.62224635803229
0.9,3,4,0.2,inflight_sco_ucb,120,12,-77.1471350678821,-77.62490286238317,-76.66936727338104
0.9,3,4,0.2,inflight_sco_ucb,130,12,-77.16470358385396,-77.64510522756802,-76.6843019401399
0.9,3,4,0.2,inflight_sco_ucb,140,12,-77.19948167822697,-77.62311276601692,-76.77585059043703
0.9,3,4,0.2,inflight_sco_ucb,150,12,-77.1708939110344,-77.58639160532793,-76.75539621674086
0.9,3,4,0.2,inflight_sco_ucb,160,12,-77.17809649641195,-77.5804011632461,-76.77579182957781
0.9,3,4,0.2,inflight_sco_ucb,170,12,-77.18760398242438,-77.58501117330523,-76.79019679154352
0.9,3,4,0.2,inflight_sco_ucb,180,12,-77.26027775426785,-77.65752278629314,-76.86303272224255
0.9,3,4,0.2,inflight_sco_ucb,190,12,-77.2925781136665,-77.67188144853706,-76.91327477879592
0.9,3,4,0.2,inflight_sco_ucb,200,12,-77.33183782460968,-77.68373185770086,-76.9799437915185
0.9,3,4,0.2,inflight_sco_ucb,210,12,-77.3552085199346,-77.68155682750549,-77.02886021236372
0.9,3,4,0.2,inflight_sco_ucb,220,12,-77.36817329076861,-77.71504573791604,-77.02130084362118
0.9,3,4,0.2,inflight_sco_ucb,230,12,-77.35385157417726,-77.70379915530799,-77.00390399304652
0.9,3,4,0.2,inflight_sco_ucb,240,12,-77.37382377552639,-77.72019651562827,-77.0274510354245
0.9,3,4,0.2,inflight_sco_ucb,250,12,-77.35685238496897,-77.69216523306771,-77.02153953687024
0.9,3,4,0.2,inflight_sco_ucb,260,12,-77.37941322089428,-77.70460798740949,-77.05421845437907
0.9,3,4,0.2,inflight_sco_ucb,270,12,-77.40993045153995,-77.72498647817544,-77.09487442490446
0.9,3,4,0.2,inflight_sco_ucb,280,12,-77.42794688719829,-77.71864761366736,-77.13724616072922
0.9,3,4,0.2,inflight_sco_ucb,290,12,-77.45699638088747,-77.71306730645698,-77.20092545531797
0.9,3,4,0.2,inflight_sco_ucb,300,12,-77.46249828607922,-77.73540241913429,-77.18959415302416
0.9,3,4,0.2,inflight_sco_ucb,310,12,-77.4742281170631,-77.74616549870997,-77.20229073541624
0.9,3,4,0.2,inflight_sco_ucb,320,12,-77.50952754973348,-77.78029700897632,-77.23875809049063
0.9,3,4,0.2,inflight_sco_ucb,330,12,-77.51080299948163,-77.77448609160878,-77.24711990735447
0.9,3,4,0.2,inflight_sco_ucb,340,12,-77.5112176290703,-77.77599511654459,-77.24644014159601
0.9,3,4,0.2,inflight_sco_ucb,350,12,-77.50331453675258,-77.7641934548798,-77.24243561862536
0.9,3,4,0.2,inflight_sco_ucb,360,12,-77.50584503051219,-77.76917468554775,-77.24251537547663
0.9,3,4,0.2,inflight_sco_ucb,370,12,-77.49611557184745,-77.75782204763172,-77.23440909606319
0.9,3,4,0.2,inflight_sco_ucb,380,12,-77.53449692815383,-77.7863120789234,-77.28268177738425
0.9,3,4,0.2,inflight_sco_ucb,390,12,-77.54928963351072,-77.80177562837784,-77.29680363864361
0.9,3,4,0.2,inflight_sco_ucb,400,12,-77.54981036304859,-77.79076608061258,-77.3088546454846
0.9,5,4,0.2,cumulative_ucb_cv,10,12,13.122274877092034,6.835877995850753,19.408671758333313
0.9,5,4,0.2,cumulative_ucb_cv,20,12,22.828661186382508,17.38514856263184,28.272173810133175
0.9,5,4,0.2,cumulative_ucb_cv,30,12,22.157097839785777,18.012008494307402,26.302187185264152
0.9,5,4,0.2,cumulative_ucb_cv,40,12,20.97407987862882,17.018493985596194,24.929665771661448
0.9,5,4,0.2,cumulative_ucb_cv,50,12,20.161666616426132,16.939198513080296,23.384134719771968
0.9,5,4,0.2,cumulative_ucb_cv,60,12,20.89122715897972,17.360891289930997,24.421563028028444
0.9,5,4,0.2,cumulative_ucb_cv,70,12,20.0112439090602,16.823884897166124,23.19860292095428
0.9,5,4,0.2,cumulative_ucb_cv,80,12,19.585903629797716,16.745512042141225,22.426295217454207
0.9,5,4,0.2,cumulative_ucb_cv,90,12,19.31391669291604,16.413944675265746,22.213888710566337
0.9,5,4,0.2,cumulative_ucb_cv,100,12,18.733820011660857,16.130138475592815,21.3375015477289
0.9,5,4,0.2,cumulative_ucb_cv,110,12,18.723834493867347,16.003401743071617,21.444267244663077
0.9,5,4,0.2,cumulative_ucb_cv,120,12,18.463510722551458,15.80169018814261,21.12533125696031
0.9,5,4,0.2,cumulative_ucb_cv,130,12,18.144061743937367,15.626351579140618,20.661771908734117
0.9,5,4,0.2,cumulative_ucb_cv,140,12,18.07787968193127,15.603194537673248,20.552564826189297
0.9,5,4,0.2,cumulative_ucb_cv,150,12,17.812451927679337,15.700337823047608,19.924566032311066
0.9,5,4,0.2,cumulative_ucb_cv,160,12,17.408562284528752,15.414113724739044,19.40301084431846
0.9,5,4,0.2,cumulative_ucb_cv,170,12,17.292242178802834,15.290723393843297,19.29376096376237
0.9,5,4,0.2,cumulative_ucb_cv,180,12,17.262026452996732,15.320518504660193,19.203534401333272
0.9,5,4,0.2,cumulative_ucb_cv,190,12,17.193872779710752,15.238659723805487,19.149085835616017
0.9,5,4,0.2,cumulative_ucb_cv,200,12,16.96123580353238,15.06953741382588,18.852934193238877
0.9,5,4,0.2,cumulative_ucb_cv,210,12,16.688072060445084,14.665022662290724,18.711121458599443
0.9,5,4,0.2,cumulative_ucb_cv,220,12,16.677509586895514,14.679399037068745,18.675620136722284
0.9,5,4,0.2,cumulative_ucb_cv,230,12,16.726211095002416,14.624473004152678,18.82794918585215
0.9,5,4,0.2,cumulative_ucb_cv,240,12,16.222755190942593,14.23110488521765,18.214405496667535
0.9,5,4,0.2,cumulative_ucb_cv,250,12,16.215595774281123,14.140109883313047,18.2910816652492
0.9,5,4,0.2,cumulative_ucb_cv,260,12,16.133035657527994,14.119231837840433,18.146839477215554
0.9,5,4,0.2,cumulative_ucb_cv,270,12,15.983500439868406,13.946422293697388,18.020578586039424
0.9,5,4,0.2,cumulative_ucb_cv,280,12,15.764666717258423,13.75928451223717,17.770048922279678
0.9,5,4,0.2,cumulative_ucb_cv,290,12,15.489865377306822,13.552896983419007,17.426833771194637
0.9,5,4,0.2,cumulative_ucb_cv,300,12,15.320510682931344,13.450953067469996,17.190068298392692
0.9,5,4,0.2,cumulative_ucb_cv,310,12,15.249239420216384,13.392579050514726,17.10589978991804
0.9,5,4,0.2,cumulative_ucb_cv,320,12,15.150233484139966,13.340250148207481,16.96021682007245
0.9,5,4,0.2,cumulative_ucb_cv,330,12,14.951116662533744,13.284747159154163,16.617486165913327
0.9,5,4,0.2,cumulative_ucb_cv,340,12,14.802456534817223,13.157395303048045,16.4475177665864
0.9,5,4,0.2,cumulative_ucb_cv,350,12,14.757817381092787,13.073561184393578,16.442073577791998
0.9,5,4,0.2,cumulative_ucb_cv,360,12,14.544774207792456,12.885553445618829,16.203994969966082
0.9,5,4,0.2,cumulative_ucb_cv,370,12,14.410321554358925,12.840616015241034,15.980027093476815
0.9,5,4,0.2,cumulative_ucb_cv,380,12,14.35929705803406,12.840068267140191,15.87852584892793
0.9,5,4,0.2,cumulative_ucb_cv,390,12,14.318483036230496,12.771380330154445,15.865585742306548
0.9,5,4,0.2,cumulative_ucb_cv,400,12,14.195845992899324,12.636838567836477,15.75485341796217
0.9,5,4,0.2,sco_reset_ucb,10,12,13.246622467452282,7.23321899316253,19.260025941742033
0.9,5,4,0.2,sco_reset_ucb,20,12,23.598299954045718,18.479202130592128,28.717397777499308
0.9,5,4,0.2,sco_reset_ucb,30,12,22.947906420714812,18.58056325534624,27.315249586083382
0.9,5,4,0.2,sco_reset_ucb,40,12,21.984343975058575,18.35531271281532,25.61337523730183
0.9,5,4,0.2,sco_reset_ucb,50,12,20.488981969810173,17.46158586887767,23.516378070742675
0.9,5,4,0.2,sco_reset_ucb,60,12,20.5507649663969,17.332700481452065,23.768829451341738
0.9,5,4,0.2,sco_reset_ucb,70,12,19.02940076925949,16.00645528858435,22.05234624993463
0.9,5,4,0.2,sco_reset_ucb,80,12,18.133647536468118,15.502431617248407,20.76486345568783
0.9,5,4,0.2,sco_reset_ucb,90,12,17.14881205060439,14.665108297536511,19.63251580367227
0.9,5,4,0.2,sco_reset_ucb,100,12,16.263354875115613,13.835541850102173,18.691167900129052
0.9,5,4,0.2,sco_reset_ucb,110,12,15.763700391794996,13.519146470276233,18.00825431331376
0.9,5,4,0.2,sco_reset_ucb,120,12,15.118912613208181,13.021108952256688,17.216716274159673
0.9,5,4,0.2,sco_reset_ucb,130,12,14.68717866654976,12.607498212223945,16.766859120875576
0.9,5,4,0.2,sco_reset_ucb,140,12,14.196007591883387,12.186155500703778,16.205859683062993
0.9,5,4,0.2,sco_reset_ucb,150,12,14.051392976663196,12.255213878406783,15.84757207491961
0.9,5,4,0.2,sco_reset_ucb,160,12,13.531815623185949,11.846130654128045,15.217500592243853
0.9,5,4,0.2,sco_reset_ucb,170,12,13.283516375927448,11.554658435437068,15.012374316417828
0.9,5,4,0.2,sco_reset_ucb,180,12,12.878510160773184,11.200568789424473,14.556451532121894
0.9,5,4,0.2,sco_reset_ucb,190,12,12.889389256667348,11.265825179623487,14.51295333371121
0.9,5,4,0.2,sco_reset_ucb,200,12,12.389862205696602,10.891365423499193,13.88835898789401
0.9,5,4,0.2,sco_reset_ucb,210,12,12.035222191863292,10.390055321042857,13.680389062683728
0.9,5,4,0.2,sco_reset_ucb,220,12,11.910551775644421,10.30007381384076,13.521029737448083
0.9,5,4,0.2,sco_reset_ucb,230,12,11.768545825647548,10.116957227956215,13.420134423338881
0.9,5,4,0.2,sco_reset_ucb,240,12,11.516088585832454,9.946504801471729,13.08567237019318
0.9,5,4,0.2,sco_reset_ucb,250,12,11.511745003748132,9.911903976930544,13.11158603056572
0.9,5,4,0.2,sco_reset_ucb,260,12,11.191732851641442,9.663794731743975,12.719670971538909
0.9,5,4,0.2,sco_reset_ucb,270,12,11.104442871480074,9.531037945438175,12.677847797521974
0.9,5,4,0.2,sco_reset_ucb,280,12,10.952390541084938,9.349613813931528,12.555167268238348
0.9,5,4,0.2,sco_reset_ucb,290,12,10.715329767762471,9.165984718009566,12.264674817515376
0.9,5,4,0.2,sco_reset_ucb,300,12,10.481134534647131,8.982381344497803,11.979887724796459
0.9,5,4,0.2,sco_reset_ucb,310,12,10.49309868933412,8.992914285821405,11.993283092846836
0.9,5,4,0.2,sco_reset_ucb,320,12,10.264404872233237,8.814841358592364,11.71396838587411
0.9,5,4,0.2,sco_reset_ucb,330,12,10.153462499598163,8.832353622702085,11.474571376494241
0.9,5,4,0.2,sco_reset_ucb,340,12,10.145870012755514,8.844109913541782,11.447630111969247
0.9,5,4,0.2,sco_reset_ucb,350,12,10.086471067971138,8.779689573710765,11.39325256223151
0.9,5,4,0.2,sco_reset_ucb,360,12,9.91122670700274,8.594256496379593,11.228196917625887
0.9,5,4,0.2,sco_reset_ucb,370,12,9.771296312939509,8.532743186879717,11.0098494389993
0.9,5,4,0.2,sco_reset_ucb,380,12,9.697626028587713,8.467987305057983,10.927264752117443
0.9,5,4,0.2,sco_reset_ucb,390,12,9.658464578466402,8.378577849177464,10.93835130775534
0.9,5,4,0.2,sco_reset_ucb,400,12,9.57780884023038,8.312131429971574,10.843486250489187
0.9,5,4,0.2,ps_forced_reset_ucb,10,12,8.832530737492247,3.2202253093595887,14.444836165624906
0.9,5,4,0.2,ps_forced_reset_ucb,20,12,6.075697696140851,0.9280970818726528,11.22329831040905
0.9,5,4,0.2,ps_forced_reset_ucb,30,12,5.920202071331588,0.5537458862236777,11.286658256439498
0.9,5,4,0.2,ps_forced_reset_ucb,40,12,8.728719851957601,4.806911019057194,12.650528684858008
0.9,5,4,0.2,ps_forced_reset_ucb,50,12,9.871527578679354,6.364135171742335,13.378919985616372
0.9,5,4,0.2,ps_forced_reset_ucb,60,12,10.409207206824496,7.354119996499845,13.464294417149146
0.9,5,4,0.2,ps_forced_reset_ucb,70,12,8.336735075181036,5.036841341734977,11.636628808627094
0.9,5,4,0.2,ps_forced_reset_ucb,80,12,5.67146655960775,2.568734634145578,8.774198485069922
0.9,5,4,0.2,ps_forced_reset_ucb,90,12,5.845810304939959,2.9340812183233136,8.757539391556604
0.9,5,4,0.2,ps_forced_reset_ucb,100,12,5.970798313492761,3.2093532744089255,8.732243352576596
0.9,5,4,0.2,ps_forced_reset_ucb,110,12,5.554603749271812,2.885143328955283,8.224064169588342
0.9,5,4,0.2,ps_forced_reset_ucb,120,12,4.546488868109486,1.9781347676334025,7.1148429685855685
0.9,5,4,0.2,ps_forced_reset_ucb,130,12,3.3831322340332526,0.8023052973957641,5.963959170670741
0.9,5,4,0.2,ps_forced_reset_ucb,140,12,3.330688767221306,0.8497970771558001,5.811580457286812
0.9,5,4,0.2,ps_forced_reset_ucb,150,12,4.038786026277373,1.736069099208465,6.341502953346281
0.9,5,4,0.2,ps_forced_reset_ucb,160,12,3.6995299440878457,1.5037967800913647,5.895263108084327
0.9,5,4,0.2,ps_forced_reset_ucb,170,12,2.937742428672813,0.8177327660092835,5.057752091336342
0.9,5,4,0.2,ps_forced_reset_ucb,180,12,2.279500441779537,0.28124505871228145,4.277755824846793
0.9,5,4,0.2,ps_forced_reset_ucb,190,12,2.3964793776055777,0.3026340943971495,4.4903246608140055
0.9,5,4,0.2,ps_forced_reset_ucb,200,12,2.7397226887763666,0.8931351425160889,4.5863102350366445
0.9,5,4,0.2,ps_forced_reset_ucb,210,12,2.6628422002883214,0.7866824435412205,4.539001957035422
0.9,5,4,0.2,ps_forced_reset_ucb,220,12,2.1312216243397026,0.27398449953658055,3.9884587491428247
0.9,5,4,0.2,ps_forced_reset_ucb,230,12,1.7946368640427586,-0.038132954236704375,3.6274066823222215
0.9,5,4,0.2,ps_forced_reset_ucb,240,12,1.7095436603897103,-0.1593173994530641,3.5784047202324847
0.9,5,4,0.2,ps_forced_reset_ucb,250,12,2.0977754090280207,0.15859136190516,4.036959456150882
0.9,5,4,0.2,ps_forced_reset_ucb,260,12,2.060080335496107,0.19731484529121457,3.9228458257009997
0.9,5,4,0.2,ps_forced_reset_ucb,270,12,1.5838982391171246,-0.17383339011692134,3.3416298683511707
0.9,5,4,0.2,ps_forced_reset_ucb,280,12,1.384687560094722,-0.41630636390734455,3.185681484096788
0.9,5,4,0.2,ps_forced_reset_ucb,290,12,1.167609419445854,-0.6210976686084362,2.9563165075001443
0.9,5,4,0.2,ps_forced_reset_ucb,300,12,1.3688968593018602,-0.37397132319625914,3.1117650417999796
0.9,5,4,0.2,ps_forced_reset_ucb,310,12,1.492747841375941,-0.2479595146676743,3.2334551974195564
0.9,5,4,0.2,ps_forced_reset_ucb,320,12,0.894329195337833,-0.7666763490093469,2.555334739685013
0.9,5,4,0.2,ps_forced_reset_ucb,330,12,0.5465059790684411,-1.0650736564617516,2.1580856145986336
0.9,5,4,0.2,ps_forced_reset_ucb,340,12,0.5697523209384973,-1.067854968672135,2.2073596105491293
0.9,5,4,0.2,ps_forced_reset_ucb,350,12,0.7862519638526292,-0.8137944320438152,2.3862983597490737
0.9,5,4,0.2,ps_forced_reset_ucb,360,12,0.7459501542452506,-0.8374469568387638,2.329347265329265
0.9,5,4,0.2,ps_forced_reset_ucb,370,12,0.5337606706163484,-0.9460358613206173,2.013557202553314
0.9,5,4,0.2,ps_forced_reset_ucb,380,12,0.24433735811588134,-1.2430306786648275,1.7317053948965904
0.9,5,4,0.2,ps_forced_reset_ucb,390,12,0.25018633045129635,-1.2253101561953978,1.7256828170979905
0.9,5,4,0.2,ps_forced_reset_ucb,400,12,0.5391730776546533,-0.871261858328253,1.9496080136375595
0.9,5,4,0.2,inflight_sco_ucb,10,12,-82.73619986688645,-83.63656546587997,-81.83583426789293
0.9,5,4,0.2,inflight_sco_ucb,20,12,-81.9809458846002,-82.85923134373878,-81.10266042546162
0.9,5,4,0.2,inflight_sco_ucb,30,12,-82.0972982467476,-82.68884716402107,-81.50574932947413
0.9,5,4,0.2,inflight_sco_ucb,40,12,-82.22041229581946,-82.73755585700248,-81.70326873463644
0.9,5,4,0.2,inflight_sco_ucb,50,12,-82.35884813409949,-82.82716978746288,-81.8905264807361
0.9,5,4,0.2,inflight_sco_ucb,60,12,-82.43082378996685,-82.8865627668863,-81.9750848130474
0.9,5,4,0.2,inflight_sco_ucb,70,12,-82.53383809360206,-82.98607009490804,-82.08160609229607
0.9,5,4,0.2,inflight_sco_ucb,80,12,-82.68878501099593,-83.13189885929015,-82.24567116270171
0.9,5,4,0.2,inflight_sco_ucb,90,12,-82.68862878729212,-83.16918866876843,-82.20806890581581
0.9,5,4,0.2,inflight_sco_ucb,100,12,-82.76779393691567,-83.22677818484692,-82.30880968898441
0.9,5,4,0.2,inflight_sco_ucb,110,12,-82.8091115979377,-83.24441933388042,-82.37380386199499
0.9,5,4,0.2,inflight_sco_ucb,120,12,-82.83674131935783,-83.25109878540147,-82.42238385331419
0.9,5,4,0.2,inflight_sco_ucb,130,12,-82.8269231253352,-83.22651246660378,-82.42733378406662
0.9,5,4,0.2,inflight_sco_ucb,140,12,-82.86689700906709,-83.2510872578401,-82.48270676029408
0.9,5,4,0.2,inflight_sco_ucb,150,12,-82.88467610133834,-83.24117863682065,-82.52817356585604
0.9,5,4,0.2,inflight_sco_ucb,160,12,-82.89743223005891,-83.23894311474514,-82.55592134537268
0.9,5,4,0.2,inflight_sco_ucb,170,12,-82.90147802410411,-83.25817513577776,-82.54478091243045
0.9,5,4,0.2,inflight_sco_ucb,180,12,-82.93667620750843,-83.27639490643118,-82.59695750858567
0.9,5,4,0.2,inflight_sco_ucb,190,12,-82.93588691726097,-83.27345843022644,-82.5983154042955
0.9,5,4,0.2,inflight_sco_ucb,200,12,-82.95737641186861,-83.3028542743693,-82.61189854936792
0.9,5,4,0.2,inflight_sco_ucb,210,12,-82.9630772948788,-83.31271228782542,-82.61344230193218
0.9,5,4,0.2,inflight_sco_ucb,220,12,-82.97054838722131,-83.30115458188529,-82.63994219255734
0.9,5,4,0.2,inflight_sco_ucb,230,12,-82.97310463333686,-83.28761112402307,-82.65859814265065
0.9,5,4,0.2,inflight_sco_ucb,240,12,-82.99690886019839,-83.29505777324881,-82.69875994714796
0.9,5,4,0.2,inflight_sco_ucb,250,12,-82.96107192466533,-83.26644124726737,-82.6557026020633
0.9,5,4,0.2,inflight_sco_ucb,260,12,-82.97405965266272,-83.26835283475766,-82.67976647056777
0.9,5,4,0.2,inflight_sco_ucb,270,12,-82.99455828495668,-83.28449841716471,-82.70461815274865
0.9,5,4,0.2,inflight_sco_ucb,280,12,-83.00361746124139,-83.2941416280261,-82.71309329445668
0.9,5,4,0.2,inflight_sco_ucb,290,12,-83.03093608250065,-83.31535331859527,-82.74651884640602
0.9,5,4,0.2,inflight_sco_ucb,300,12,-83.04328097638508,-83.32176840789903,-82.76479354487113
0.9,5,4,0.2,inflight_sco_ucb,310,12,-83.03970012661756,-83.31429944164337,-82.76510081159175
0.9,5,4,0.2,inflight_sco_ucb,320,12,-83.07105227841772,-83.33330458671162,-82.80879997012383
0.9,5,4,0.2,inflight_sco_ucb,330,12,-83.07581414872114,-83.31032882926318,-82.84129946817909
0.9,5,4,0.2,inflight_sco_ucb,340,12,-83.07373616055749,-83.30170006983182,-82.84577225128315
0.9,5,4,0.2,inflight_sco_ucb,350,12,-83.08456785664906,-83.31880480271231,-82.85033091058581
0.9,5,4,0.2,inflight_sco_ucb,360,12,-83.08877424608517,-83.31462054910165,-82.86292794306868
0.9,5,4,0.2,inflight_sco_ucb,370,12,-83.10287711156111,-83.31092635374982,-82.8948278693724
0.9,5,4,0.2,inflight_sco_ucb,380,12,-83.10619686202995,-83.31764088945697,-82.89475283460293
0.9,5,4,0.2,inflight_sco_ucb,390,12,-83.08571594845544,-83.29933381064575,-82.87209808626514
0.9,5,4,0.2,inflight_sco_ucb,400,12,-83.09680007008025,-83.31582606629185,-82.87777407386865
0.9,0,8,0.4,cumulative_ucb_cv,10,12,6.734659616278937,4.624552944481498,8.844766288076375
0.9,0,8,0.4,cumulative_ucb_cv,20,12,8.56351199506034,6.328151175891921,10.798872814228758
0.9,0,8,0.4,cumulative_ucb_cv,30,12,8.985525553660457,6.598906956606608,11.372144150714306
0.9,0,8,0.4,cumulative_ucb_cv,40,12,8.726942648313912,6.61436157462246,10.839523722005364
0.9,0,8,0.4,cumulative_ucb_cv,50,12,8.592672941791339,6.663031993241598,10.52231389034108
0.9,0,8,0.4,cumulative_ucb_cv,60,12,8.190200367251974,6.554525839306665,9.825874895197282
0.9,0,8,0.4,cumulative_ucb_cv,70,12,7.56433909080376,6.188894591982753,8.939783589624767
0.9,0,8,0.4,cumulative_ucb_cv,80,12,7.6160204998233185,6.387857014476692,8.844183985169945
0.9,0,8,0.4,cumulative_ucb_cv,90,12,7.49324329831866,6.418634846489374,8.567851750147947
0.9,0,8,0.4,cumulative_ucb_cv,100,12,7.406576542900996,6.321074216931236,8.492078868870756
0.9,0,8,0.4,cumulative_ucb_cv,110,12,7.47614257362848,6.298819377074299,8.653465770182661
0.9,0,8,0.4,cumulative_ucb_cv,120,12,7.448620517216153,6.378186431515507,8.519054602916798
0.9,0,8,0.4,cumulative_ucb_cv,130,12,7.3408585772039885,6.366285183223473,8.315431971184504
0.9,0,8,0.4,cumulative_ucb_cv,140,12,7.172839324011776,6.360801577236244,7.9848770707873085
0.9,0,8,0.4,cumulative_ucb_cv,150,12,7.132647603063304,6.3287155114045355,7.936579694722072
0.9,0,8,0.4,cumulative_ucb_cv,160,12,6.958603022689277,6.1169344173024625,7.800271628076092
0.9,0,8,0.4,cumulative_ucb_cv,170,12,6.986909588592941,6.115648281113306,7.8581708960725765
0.9,0,8,0.4,cumulative_ucb_cv,180,12,6.872987163544399,6.002738078036864,7.743236249051933
0.9,0,8,0.4,cumulative_ucb_cv,190,12,6.6625679634438635,5.838250611843208,7.486885315044519
0.9,0,8,0.4,cumulative_ucb_cv,200,12,6.4436681763379875,5.6829092269606,7.204427125715375
0.9,0,8,0.4,cumulative_ucb_cv,210,12,6.456312844603623,5.736845417676411,7.175780271530835
0.9,0,8,0.4,cumulative_ucb_cv,220,12,6.307566692911254,5.620495204287263,6.994638181535246
0.9,0,8,0.4,cumulative_ucb_cv,230,12,6.117557229214885,5.409280507114632,6.825833951315138
0.9,0,8,0.4,cumulative_ucb_cv,240,12,6.032261474517111,5.299992220853728,6.764530728180494
0.9,0,8,0.4,cumulative_ucb_cv,250,12,5.915345602490132,5.179078000945754,6.6516132040345095
0.9,0,8,0.4,cumulative_ucb_cv,260,12,5.804254983343458,5.073459036450622,6.535050930236293
0.9,0,8,0.4,cumulative_ucb_cv,270,12,5.830072225659539,5.134844765377192,6.525299685941887
0.9,0,8,0.4,cumulative_ucb_cv,280,12,5.847731226483531,5.1493775143053675,6.546084938661695
0.9,0,8,0.4,cumulative_ucb_cv,290,12,5.826072454267017,5.085922802168089,6.566222106365944
0.9,0,8,0.4,cumulative_ucb_cv,300,12,5.797790923218243,5.051551929498887,6.5440299169376
0.9,0,8,0.4,cumulative_ucb_cv,310,12,5.813811386322979,5.095848355561296,6.531774417084662
0.9,0,8,0.4,cumulative_ucb_cv,320,12,5.797688889708631,5.1313239845126,6.464053794904662
0.9,0,8,0.4,cumulative_ucb_cv,330,12,5.714470585836998,5.010309552879993,6.418631618794003
0.9,0,8,0.4,cumulative_ucb_cv,340,12,5.641972840820871,4.9016734255683945,6.382272256073347
0.9,0,8,0.4,cumulative_ucb_cv,350,12,5.527712320166894,4.811266123185301,6.244158517148487
0.9,0,8,0.4,cumulative_ucb_cv,360,12,5.443114003043372,4.817727291555319,6.068500714531425
0.9,0,8,0.4,cumulative_ucb_cv,370,12,5.430579725738608,4.774531205271187,6.086628246206028
0.9,0,8,0.4,cumulative_ucb_cv,380,12,5.395406367933916,4.732645879589771,6.058166856278061
0.9,0,8,0.4,cumulative_ucb_cv,390,12,5.338627063810933,4.665310198184775,6.011943929437091
0.9,0,8,0.4,cumulative_ucb_cv,400,12,5.342858370770883,4.683001295017852,6.002715446523914
0.9,0,8,0.4,sco_reset_ucb,10,12,7.497049326618208,5.3094027621640825,9.684695891072334
0.9,0,8,0.4,sco_reset_ucb,20,12,8.491869764760068,6.425958874903282,10.557780654616854
0.9,0,8,0.4,sco_reset_ucb,30,12,7.745631950410544,5.665774503997638,9.82548939682345
0.9,0,8,0.4,sco_reset_ucb,40,12,6.546572210843865,4.664915387608384,8.428229034079347
0.9,0,8,0.4,sco_reset_ucb,50,12,5.8186867814895065,4.101624021917422,7.535749541061591
0.9,0,8,0.4,sco_reset_ucb,60,12,5.200758999652723,3.897728724626412,6.503789274679034
0.9,0,8,0.4,sco_reset_ucb,70,12,4.391694292526009,3.2628406438921815,5.520547941159837
0.9,0,8,0.4,sco_reset_ucb,80,12,4.1907578764098945,3.2964473917966814,5.085068361023107
0.9,0,8,0.4,sco_reset_ucb,90,12,3.82458183385976,3.072106254177256,4.577057413542264
0.9,0,8,0.4,sco_reset_ucb,100,12,3.7108142172084064,2.8906431342937515,4.530985300123062
0.9,0,8,0.4,sco_reset_ucb,110,12,3.6626575095021727,2.8221539576299954,4.50316106137435
0.9,0,8,0.4,sco_reset_ucb,120,12,3.585351107257413,2.799209649604585,4.37149256491024
0.9,0,8,0.4,sco_reset_ucb,130,12,3.464765408535566,2.75460030113766,4.174930515933472
0.9,0,8,0.4,sco_reset_ucb,140,12,3.3594922852637086,2.7581371207536267,3.9608474497737904
0.9,0,8,0.4,sco_reset_ucb,150,12,3.240500965455856,2.6639213943103504,3.817080536601362
0.9,0,8,0.4,sco_reset_ucb,160,12,3.1620067788748707,2.6747567691359464,3.649256788613795
0.9,0,8,0.4,sco_reset_ucb,170,12,3.1690330379468663,2.6652126881596585,3.672853387734074
0.9,0,8,0.4,sco_reset_ucb,180,12,3.090017905257758,2.6073535128318266,3.5726822976836896
0.9,0,8,0.4,sco_reset_ucb,190,12,2.8826496608831778,2.422560134627116,3.3427391871392396
0.9,0,8,0.4,sco_reset_ucb,200,12,2.7636260966751056,2.3288495405029868,3.1984026528472245
0.9,0,8,0.4,sco_reset_ucb,210,12,2.747455035343588,2.384932982768043,3.109977087919133
0.9,0,8,0.4,sco_reset_ucb,220,12,2.626227452163038,2.2588344542780874,2.993620450047989
0.9,0,8,0.4,sco_reset_ucb,230,12,2.4442308071228958,2.0439943124765865,2.844467301769205
0.9,0,8,0.4,sco_reset_ucb,240,12,2.329084489214356,1.907069730083761,2.7510992483449512
0.9,0,8,0.4,sco_reset_ucb,250,12,2.315203908172834,1.897517283401247,2.7328905329444213
0.9,0,8,0.4,sco_reset_ucb,260,12,2.2816189553614272,1.9407764758554489,2.6224614348674056
0.9,0,8,0.4,sco_reset_ucb,270,12,2.329779774715353,2.0057120270442756,2.6538475223864304
0.9,0,8,0.4,sco_reset_ucb,280,12,2.313361744497557,1.9597444478330228,2.666979041162091
0.9,0,8,0.4,sco_reset_ucb,290,12,2.2773072993734824,1.9201740931063174,2.6344405056406472
0.9,0,8,0.4,sco_reset_ucb,300,12,2.2842287778477055,1.9575114140266918,2.610946141668719
0.9,0,8,0.4,sco_reset_ucb,310,12,2.2310863858951873,1.9406097437234975,2.5215630280668773
0.9,0,8,0.4,sco_reset_ucb,320,12,2.2958837565285126,2.0396180921483165,2.5521494209087088
0.9,0,8,0.4,sco_reset_ucb,330,12,2.2514263961538123,1.9667939008155502,2.5360588914920745
0.9,0,8,0.4,sco_reset_ucb,340,12,2.182046052800805,1.8756719275015412,2.488420178100069
0.9,0,8,0.4,sco_reset_ucb,350,12,2.1328796952726434,1.8192014881976415,2.4465579023476454
0.9,0,8,0.4,sco_reset_ucb,360,12,2.069293088625035,1.808047763580281,2.330538413669789
0.9,0,8,0.4,sco_reset_ucb,370,12,2.0584458697847565,1.7871279162388667,2.329763823330646
0.9,0,8,0.4,sco_reset_ucb,380,12,2.0219506960282536,1.7390671906886603,2.304834201367847
0.9,0,8,0.4,sco_reset_ucb,390,12,2.03471104490765,1.7433187859266102,2.3261033038886905
0.9,0,8,0.4,sco_reset_ucb,400,12,2.0402548933401747,1.7568207788668897,2.32368900781346
0.9,0,8,0.4,ps_forced_reset_ucb,10,12,11.548083438147954,8.02124833600276,15.074918540293147
0.9,0,8,0.4,ps_forced_reset_ucb,20,12,11.200737512280574,8.633078846275064,13.768396178286084
0.9,0,8,0.4,ps_forced_reset_ucb,30,12,9.052093078170548,6.808234850242506,11.29595130609859
0.9,0,8,0.4,ps_forced_reset_ucb,40,12,8.00650487551926,6.170360901329324,9.842648849709198
0.9,0,8,0.4,ps_forced_reset_ucb,50,12,6.85689129066805,5.1770744812029355,8.536708100133165
0.9,0,8,0.4,ps_forced_reset_ucb,60,12,7.0159399302821805,5.670870422610303,8.361009437954058
0.9,0,8,0.4,ps_forced_reset_ucb,70,12,5.8677379386885775,4.677749158539962,7.057726718837193
0.9,0,8,0.4,ps_forced_reset_ucb,80,12,5.563683505728516,4.734444453267077,6.392922558189955
0.9,0,8,0.4,ps_forced_reset_ucb,90,12,5.256216434022249,4.555997551625542,5.956435316418955
0.9,0,8,0.4,ps_forced_reset_ucb,100,12,4.763400252689369,4.022476516718788,5.50432398865995
0.9,0,8,0.4,ps_forced_reset_ucb,110,12,5.293631727144269,4.491722545963268,6.09554090832527
0.9,0,8,0.4,ps_forced_reset_ucb,120,12,5.052574431430798,4.355232535683541,5.749916327178054
0.9,0,8,0.4,ps_forced_reset_ucb,130,12,4.740513892157558,4.136684347386751,5.344343436928364
0.9,0,8,0.4,ps_forced_reset_ucb,140,12,4.578059943079989,4.072616120409258,5.08350376575072
0.9,0,8,0.4,ps_forced_reset_ucb,150,12,4.421048727101408,3.961815191024087,4.88028226317873
0.9,0,8,0.4,ps_forced_reset_ucb,160,12,4.701491747329591,4.201695340860594,5.201288153798588
0.9,0,8,0.4,ps_forced_reset_ucb,170,12,4.622457518432706,4.099243046765648,5.145671990099765
0.9,0,8,0.4,ps_forced_reset_ucb,180,12,4.475608935050105,3.9332635246651324,5.0179543454350775
0.9,0,8,0.4,ps_forced_reset_ucb,190,12,4.208616191571507,3.7351117516012398,4.682120631541775
0.9,0,8,0.4,ps_forced_reset_ucb,200,12,3.926252699784422,3.492155290799577,4.360350108769266
0.9,0,8,0.4,ps_forced_reset_ucb,210,12,4.178752401204157,3.7913614007807275,4.566143401627587
0.9,0,8,0.4,ps_forced_reset_ucb,220,12,4.028647378543054,3.650783931762119,4.4065108253239895
0.9,0,8,0.4,ps_forced_reset_ucb,230,12,3.750111374119412,3.3668934571841556,4.133329291054668
0.9,0,8,0.4,ps_forced_reset_ucb,240,12,3.5812692752141033,3.1481513148928966,4.01438723553531
0.9,0,8,0.4,ps_forced_reset_ucb,250,12,3.5243380249054304,3.088112729676828,3.9605633201340327
0.9,0,8,0.4,ps_forced_reset_ucb,260,12,3.6702281828251273,3.275358384593901,4.065097981056353
0.9,0,8,0.4,ps_forced_reset_ucb,270,12,3.6770541686741787,3.3092653295836194,4.0448430077647375
0.9,0,8,0.4,ps_forced_reset_ucb,280,12,3.6140582412741757,3.246234237857222,3.9818822446911293
0.9,0,8,0.4,ps_forced_reset_ucb,290,12,3.576020577705698,3.2153002231652117,3.9367409322461846
0.9,0,8,0.4,ps_forced_reset_ucb,300,12,3.4567337282399655,3.1430744341646593,3.7703930223152717
0.9,0,8,0.4,ps_forced_reset_ucb,310,12,3.5814191644777646,3.2968731743034754,3.865965154652054
0.9,0,8,0.4,ps_forced_reset_ucb,320,12,3.5993353017986895,3.326110023446405,3.872560580150974
0.9,0,8,0.4,ps_forced_reset_ucb,330,12,3.5061635176611485,3.1826865446252746,3.8296404906970225
0.9,0,8,0.4,ps_forced_reset_ucb,340,12,3.416725289791053,3.068666852170175,3.7647837274119307
0.9,0,8,0.4,ps_forced_reset_ucb,350,12,3.3192345173050026,2.9343750934002917,3.7040939412097136
0.9,0,8,0.4,ps_forced_reset_ucb,360,12,3.4103603614529034,3.0958740702135774,3.7248466526922295
0.9,0,8,0.4,ps_forced_reset_ucb,370,12,3.3840892530568745,3.0626836025558912,3.7054949035578577
0.9,0,8,0.4,ps_forced_reset_ucb,380,12,3.3142201724283264,2.998867937344998,3.629572407511655
0.9,0,8,0.4,ps_forced_reset_ucb,390,12,3.2523061913107996,2.9002739489990743,3.604338433622525
0.9,0,8,0.4,ps_forced_reset_ucb,400,12,3.2384770623439607,2.9283043312803474,3.548649793407574
0.9,0,8,0.4,inflight_sco_ucb,10,12,7.497049326618208,5.3094027621640825,9.684695891072334
0.9,0,8,0.4,inflight_sco_ucb,20,12,8.491869764760068,6.425958874903282,10.557780654616854
0.9,0,8,0.4,inflight_sco_ucb,30,12,7.745631950410544,5.665774503997638,9.82548939682345
0.9,0,8,0.4,inflight_sco_ucb,40,12,6.546572210843865,4.664915387608384,8.428229034079347
0.9,0,8,0.4,inflight_sco_ucb,50,12,5.8186867814895065,4.101624021917422,7.535749541061591
0.9,0,8,0.4,inflight_sco_ucb,60,12,5.200758999652723,3.897728724626412,6.503789274679034
0.9,0,8,0.4,inflight_sco_ucb,70,12,4.391694292526009,3.2628406438921815,5.520547941159837
0.9,0,8,0.4,inflight_sco_ucb,80,12,4.1907578764098945,3.2964473917966814,5.085068361023107
0.9,0,8,0.4,inflight_sco_ucb,90,12,3.82458183385976,3.072106254177256,4.577057413542264
0.9,0,8,0.4,inflight_sco_ucb,100,12,3.7108142172084064,2.8906431342937515,4.530985300123062
0.9,0,8,0.4,inflight_sco_ucb,110,12,3.6626575095021727,2.8221539576299954,4.50316106137435
0.9,0,8,0.4,inflight_sco_ucb,120,12,3.585351107257413,2.799209649604585,4.37149256491024
0.9,0,8,0.4,inflight_sco_ucb,130,12,3.464765408535566,2.75460030113766,4.174930515933472
0.9,0,8,0.4,inflight_sco_ucb,140,12,3.3594922852637086,2.7581371207536267,3.9608474497737904
0.9,0,8,0.4,inflight_sco_ucb,150,12,3.240500965455856,2.6639213943103504,3.817080536601362
0.9,0,8,0.4,inflight_sco_ucb,160,12,3.1620067788748707,2.6747567691359464,3.649256788613795
0.9,0,8,0.4,inflight_sco_ucb,170,12,3.1690330379468663,2.6652126881596585,3.672853387734074
0.9,0,8,0.4,inflight_sco_ucb,180,12,3.090017905257758,2.6073535128318266,3.5726822976836896
0.9,0,8,0.4,inflight_sco_ucb,190,12,2.8826496608831778,2.422560134627116,3.3427391871392396
0.9,0,8,0.4,inflight_sco_ucb,200,12,2.7636260966751056,2.3288495405029868,3.1984026528472245
0.9,0,8,0.4,inflight_sco_ucb,210,12,2.747455035343588,2.384932982768043,3.109977087919133
0.9,0,8,0.4,inflight_sco_ucb,220,12,2.626227452163038,2.2588344542780874,2.993620450047989
0.9,0,8,0.4,inflight_sco_ucb,230,12,2.4442308071228958,2.0439943124765865,2.844467301769205
0.9,0,8,0.4,inflight_sco_ucb,240,12,2.329084489214356,1.907069730083761,2.7510992483449512
0.9,0,8,0.4,inflight_sco_ucb,250,12,2.315203908172834,1.897517283401247,2.7328905329444213
0.9,0,8,0.4,inflight_sco_ucb,260,12,2.2816189553614272,1.9407764758554489,2.6224614348674056
0.9,0,8,0.4,inflight_sco_ucb,270,12,2.329779774715353,2.0057120270442756,2.6538475223864304
0.9,0,8,0.4,inflight_sco_ucb,280,12,2.313361744497557,1.9597444478330228,2.666979041162091
0.9,0,8,0.4,inflight_sco_ucb,290,12,2.2773072993734824,1.9201740931063174,2.6344405056406472
0.9,0,8,0.4,inflight_sco_ucb,300,12,2.2842287778477055,1.9575114140266918,2.610946141668719
0.9,0,8,0.4,inflight_sco_ucb,310,12,2.2310863858951873,1.9406097437234975,2.5215630280668773
0.9,0,8,0.4,inflight_sco_ucb,320,12,2.2958837565285126,2.0396180921483165,2.5521494209087088
0.9,0,8,0.4,inflight_sco_ucb,330,12,2.2514263961538123,1.9667939008155502,2.5360588914920745
0.9,0,8,0.4,inflight_sco_ucb,340,12,2.182046052800805,1.8756719275015412,2.488420178100069
0.9,0,8,0.4,inflight_sco_ucb,350,12,2.1328796952726434,1.8192014881976415,2.4465579023476454
0.9,0,8,0.4,inflight_sco_ucb,360,12,2.069293088625035,1.808047763580281,2.330538413669789
0.9,0,8,0.4,inflight_sco_ucb,370,12,2.0584458697847565,1.7871279162388667,2.329763823330646
0.9,0,8,0.4,inflight_sco_ucb,380,12,2.0219506960282536,1.7390671906886603,2.304834201367847
0.9,0,8,0.4,inflight_sco_ucb,390,12,2.03471104490765,1.7433187859266102,2.3261033038886905
0.9,0,8,0.4,inflight_sco_ucb,400,12,2.0402548933401747,1.7568207788668897,2.32368900781346
0.9,1,8,0.4,cumulative_ucb_cv,10,12,9.143608732010136,6.79061655540958,11.496600908610693
0.9,1,8,0.4,cumulative_ucb_cv,20,12,10.998085943641536,9.593429962284509,12.402741924998564
0.9,1,8,0.4,cumulative_ucb_cv,30,12,10.927341455752865,9.47403501704619,12.380647894459539
0.9,1,8,0.4,cumulative_ucb_cv,40,12,10.610858402051123,9.15000212357257,12.071714680529677
0.9,1,8,0.4,cumulative_ucb_cv,50,12,10.247188073033916,9.136612036305497,11.357764109762336
0.9,1,8,0.4,cumulative_ucb_cv,60,12,9.9118941517205,8.984827021087526,10.838961282353473
0.9,1,8,0.4,cumulative_ucb_cv,70,12,9.69033067747891,8.69495402573525,10.68570732922257
0.9,1,8,0.4,cumulative_ucb_cv,80,12,9.52744698827215,8.47738069369853,10.57751328284577
0.9,1,8,0.4,cumulative_ucb_cv,90,12,9.410670839353068,8.311679718062301,10.509661960643836
0.9,1,8,0.4,cumulative_ucb_cv,100,12,9.299913717603166,8.41595840205326,10.183869033153073
0.9,1,8,0.4,cumulative_ucb_cv,110,12,9.067033886965028,8.219460327287516,9.91460744664254
0.9,1,8,0.4,cumulative_ucb_cv,120,12,8.939609865715045,8.122991838478736,9.756227892951355
0.9,1,8,0.4,cumulative_ucb_cv,130,12,8.8054161154962,8.106417985408308,9.504414245584092
0.9,1,8,0.4,cumulative_ucb_cv,140,12,8.604270390311415,7.827337935016784,9.381202845606046
0.9,1,8,0.4,cumulative_ucb_cv,150,12,8.545662508952931,7.653479735920993,9.43784528198487
0.9,1,8,0.4,cumulative_ucb_cv,160,12,8.502419633843317,7.561165535084955,9.44367373260168
0.9,1,8,0.4,cumulative_ucb_cv,170,12,8.531665766290706,7.674202023455065,9.389129509126347
0.9,1,8,0.4,cumulative_ucb_cv,180,12,8.23049886699009,7.456161015815563,9.004836718164615
0.9,1,8,0.4,cumulative_ucb_cv,190,12,8.101679641003411,7.314948555526957,8.888410726479865
0.9,1,8,0.4,cumulative_ucb_cv,200,12,8.025058276411531,7.240788577414538,8.809327975408525
0.9,1,8,0.4,cumulative_ucb_cv,210,12,7.856326012816709,7.140216131950241,8.572435893683176
0.9,1,8,0.4,cumulative_ucb_cv,220,12,7.668775529373189,6.9617777982688915,8.375773260477487
0.9,1,8,0.4,cumulative_ucb_cv,230,12,7.53278305139683,6.8707539120700085,8.194812190723653
0.9,1,8,0.4,cumulative_ucb_cv,240,12,7.476927101251751,6.765713899426512,8.18814030307699
0.9,1,8,0.4,cumulative_ucb_cv,250,12,7.4321838737707715,6.771976965146513,8.09239078239503
0.9,1,8,0.4,cumulative_ucb_cv,260,12,7.3231206533344055,6.716540863890882,7.929700442777929
0.9,1,8,0.4,cumulative_ucb_cv,270,12,7.249242799238311,6.641421524995762,7.85706407348086
0.9,1,8,0.4,cumulative_ucb_cv,280,12,7.231816745462474,6.604183134991954,7.859450355932994
0.9,1,8,0.4,cumulative_ucb_cv,290,12,7.17439931062372,6.529915525839252,7.818883095408188
0.9,1,8,0.4,cumulative_ucb_cv,300,12,7.087323872176982,6.453332542438549,7.721315201915415
0.9,1,8,0.4,cumulative_ucb_cv,310,12,7.0576207392007255,6.3879165722414255,7.7273249061600255
0.9,1,8,0.4,cumulative_ucb_cv,320,12,7.016347777349719,6.357953339057934,7.674742215641505
0.9,1,8,0.4,cumulative_ucb_cv,330,12,7.022585211614154,6.342901881823483,7.702268541404825
0.9,1,8,0.4,cumulative_ucb_cv,340,12,6.937583364470161,6.275546947759013,7.599619781181309
0.9,1,8,0.4,cumulative_ucb_cv,350,12,6.825405403917702,6.138214679592329,7.512596128243075
0.9,1,8,0.4,cumulative_ucb_cv,360,12,6.76334670691699,6.081362604283196,7.445330809550784
0.9,1,8,0.4,cumulative_ucb_cv,370,12,6.772263486958434,6.100324107106102,7.444202866810766
0.9,1,8,0.4,cumulative_ucb_cv,380,12,6.753455084638205,6.114975420575289,7.391934748701121
0.9,1,8,0.4,cumulative_ucb_cv,390,12,6.701372300886021,6.084838231289997,7.317906370482045
0.9,1,8,0.4,cumulative_ucb_cv,400,12,6.650397486043684,6.0256987033873575,7.275096268700011
0.9,1,8,0.4,sco_reset_ucb,10,12,9.430992947277138,7.5643218092932845,11.297664085260992
0.9,1,8,0.4,sco_reset_ucb,20,12,11.1273728606943,9.774732891028567,12.480012830360032
0.9,1,8,0.4,sco_reset_ucb,30,12,10.16685038277833,8.834889077724334,11.498811687832326
0.9,1,8,0.4,sco_reset_ucb,40,12,8.994244020237955,7.564861998159235,10.423626042316677
0.9,1,8,0.4,sco_reset_ucb,50,12,7.632583904937415,6.40309221115332,8.86207559872151
0.9,1,8,0.4,sco_reset_ucb,60,12,6.876604878992599,6.00520269023204,7.748007067753158
0.9,1,8,0.4,sco_reset_ucb,70,12,6.1161674640149855,5.312612049120604,6.919722878909367
0.9,1,8,0.4,sco_reset_ucb,80,12,5.910812910407934,5.024344767175316,6.7972810536405515
0.9,1,8,0.4,sco_reset_ucb,90,12,5.58947238162996,4.621931809885563,6.5570129533743575
0.9,1,8,0.4,sco_reset_ucb,100,12,5.383569903089476,4.646725855383609,6.120413950795342
0.9,1,8,0.4,sco_reset_ucb,110,12,5.052202987565049,4.4183153366100445,5.686090638520053
0.9,1,8,0.4,sco_reset_ucb,120,12,4.790890778316267,4.09552488005829,5.486256676574243
0.9,1,8,0.4,sco_reset_ucb,130,12,4.544285848050509,3.952914878391436,5.135656817709583
0.9,1,8,0.4,sco_reset_ucb,140,12,4.300513703801653,3.7179986398298386,4.883028767773467
0.9,1,8,0.4,sco_reset_ucb,150,12,4.3776905664881145,3.7816768611727234,4.973704271803506
0.9,1,8,0.4,sco_reset_ucb,160,12,4.30205668733489,3.728075015580363,4.876038359089417
0.9,1,8,0.4,sco_reset_ucb,170,12,4.210173096549038,3.638382137926964,4.7819640551711124
0.9,1,8,0.4,sco_reset_ucb,180,12,4.039854313879552,3.47899323010829,4.600715397650813
0.9,1,8,0.4,sco_reset_ucb,190,12,3.8737784268122017,3.3500962527794567,4.397460600844947
0.9,1,8,0.4,sco_reset_ucb,200,12,3.7765702698321157,3.248845781584896,4.304294758079335
0.9,1,8,0.4,sco_reset_ucb,210,12,3.6672187236093854,3.2192887563010886,4.115148690917682
0.9,1,8,0.4,sco_reset_ucb,220,12,3.5491458420527735,3.113654113259354,3.984637570846193
0.9,1,8,0.4,sco_reset_ucb,230,12,3.472005797927913,3.053415485933819,3.8905961099220066
0.9,1,8,0.4,sco_reset_ucb,240,12,3.381684979501714,2.9285399432998007,3.834830015703627
0.9,1,8,0.4,sco_reset_ucb,250,12,3.3951157920264396,2.971077758205373,3.8191538258475064
0.9,1,8,0.4,sco_reset_ucb,260,12,3.3863923840931762,2.9903589666781114,3.782425801508241
0.9,1,8,0.4,sco_reset_ucb,270,12,3.3609563702439504,2.9164728586043633,3.8054398818835375
0.9,1,8,0.4,sco_reset_ucb,280,12,3.3160676998983956,2.8759330789472948,3.7562023208494963
0.9,1,8,0.4,sco_reset_ucb,290,12,3.25011470734853,2.8162911071467143,3.6839383075503456
0.9,1,8,0.4,sco_reset_ucb,300,12,3.1783673507552823,2.7555720210456824,3.601162680464882
0.9,1,8,0.4,sco_reset_ucb,310,12,3.1565738244106947,2.766352869684189,3.5467947791372003
0.9,1,8,0.4,sco_reset_ucb,320,12,3.0787032857244867,2.71052108533653,3.4468854861124436
0.9,1,8,0.4,sco_reset_ucb,330,12,3.0934462341671356,2.6846002700733895,3.5022921982608817
0.9,1,8,0.4,sco_reset_ucb,340,12,3.043674857887724,2.6418976554516576,3.445452060323791
0.9,1,8,0.4,sco_reset_ucb,350,12,2.9981235752499984,2.575105795513823,3.4211413549861738
0.9,1,8,0.4,sco_reset_ucb,360,12,2.988818395891151,2.595617763568045,3.3820190282142573
0.9,1,8,0.4,sco_reset_ucb,370,12,3.039292367781117,2.649161406565716,3.4294233289965184
0.9,1,8,0.4,sco_reset_ucb,380,12,3.0726454881753837,2.6856929836681007,3.4595979926826668
0.9,1,8,0.4,sco_reset_ucb,390,12,3.0103813638889885,2.633853786491323,3.386908941286654
0.9,1,8,0.4,sco_reset_ucb,400,12,2.998243796471401,2.604934084409415,3.3915535085333866
0.9,1,8,0.4,ps_forced_reset_ucb,10,12,10.571299548509726,8.198316282279572,12.94428281473988
0.9,1,8,0.4,ps_forced_reset_ucb,20,12,12.429284406294187,10.490081024947889,14.368487787640484
0.9,1,8,0.4,ps_forced_reset_ucb,30,12,10.38307806539216,8.756662676214475,12.009493454569846
0.9,1,8,0.4,ps_forced_reset_ucb,40,12,9.226010430092943,7.86952097439506,10.582499885790826
0.9,1,8,0.4,ps_forced_reset_ucb,50,12,7.716683939361833,6.65859454222316,8.774773336500507
0.9,1,8,0.4,ps_forced_reset_ucb,60,12,7.019128218401754,6.303727874168386,7.734528562635122
0.9,1,8,0.4,ps_forced_reset_ucb,70,12,6.490695204599329,5.783197219030185,7.198193190168474
0.9,1,8,0.4,ps_forced_reset_ucb,80,12,6.008733912834374,5.318338997822922,6.699128827845826
0.9,1,8,0.4,ps_forced_reset_ucb,90,12,5.8001292971599945,5.128894462989414,6.471364131330575
0.9,1,8,0.4,ps_forced_reset_ucb,100,12,5.533744223437311,4.997434674398259,6.070053772476363
0.9,1,8,0.4,ps_forced_reset_ucb,110,12,5.257243737937897,4.79106015287924,5.723427322996555
0.9,1,8,0.4,ps_forced_reset_ucb,120,12,4.984778983912145,4.461396087593788,5.508161880230502
0.9,1,8,0.4,ps_forced_reset_ucb,130,12,4.69641987415325,4.182380205297075,5.210459543009425
0.9,1,8,0.4,ps_forced_reset_ucb,140,12,4.5571889469680515,3.9906260865955714,5.123751807340532
0.9,1,8,0.4,ps_forced_reset_ucb,150,12,4.563289294114931,3.959698378601499,5.166880209628363
0.9,1,8,0.4,ps_forced_reset_ucb,160,12,4.488648810492315,3.921754524441919,5.05554309654271
0.9,1,8,0.4,ps_forced_reset_ucb,170,12,4.373989942655907,3.8630173959186918,4.884962489393122
0.9,1,8,0.4,ps_forced_reset_ucb,180,12,4.238599036553659,3.7299229786359938,4.747275094471325
0.9,1,8,0.4,ps_forced_reset_ucb,190,12,4.078841820919543,3.578460255791477,4.579223386047609
0.9,1,8,0.4,ps_forced_reset_ucb,200,12,3.9889218111626152,3.5372124061826566,4.440631216142574
0.9,1,8,0.4,ps_forced_reset_ucb,210,12,3.8466149242983967,3.4351067473749817,4.258123101221812
0.9,1,8,0.4,ps_forced_reset_ucb,220,12,3.6935380595552125,3.2595195345731174,4.127556584537308
0.9,1,8,0.4,ps_forced_reset_ucb,230,12,3.651549282468824,3.2289031633186163,4.074195401619032
0.9,1,8,0.4,ps_forced_reset_ucb,240,12,3.5260668547235627,3.082082130238574,3.9700515792085516
0.9,1,8,0.4,ps_forced_reset_ucb,250,12,3.5255795127335747,3.1221750975165237,3.928983927950626
0.9,1,8,0.4,ps_forced_reset_ucb,260,12,3.5098790044186075,3.1675324742776776,3.8522255345595373
0.9,1,8,0.4,ps_forced_reset_ucb,270,12,3.4458869559946366,3.062203650042699,3.829570261946574
0.9,1,8,0.4,ps_forced_reset_ucb,280,12,3.4067925709526143,3.01349963472291,3.8000855071823185
0.9,1,8,0.4,ps_forced_reset_ucb,290,12,3.3752931207073527,3.020172632285116,3.7304136091295894
0.9,1,8,0.4,ps_forced_reset_ucb,300,12,3.2744061956710833,2.923557098577194,3.6252552927649724
0.9,1,8,0.4,ps_forced_reset_ucb,310,12,3.2931053708877394,2.9708907984570776,3.615319943318401
0.9,1,8,0.4,ps_forced_reset_ucb,320,12,3.2028810218906654,2.867308626081679,3.538453417699652
0.9,1,8,0.4,ps_forced_reset_ucb,330,12,3.217052718031549,2.8433486953871463,3.590756740675952
0.9,1,8,0.4,ps_forced_reset_ucb,340,12,3.130867206820936,2.758238439341278,3.5034959743005945
0.9,1,8,0.4,ps_forced_reset_ucb,350,12,3.1069526985833433,2.7174139395715193,3.4964914575951673
0.9,1,8,0.4,ps_forced_reset_ucb,360,12,3.0686069484486933,2.7009963794961838,3.436217517401203
0.9,1,8,0.4,ps_forced_reset_ucb,370,12,3.120616975532897,2.760245183751236,3.4809887673145585
0.9,1,8,0.4,ps_forced_reset_ucb,380,12,3.152023927967805,2.7977586861443187,3.5062891697912915
0.9,1,8,0.4,ps_forced_reset_ucb,390,12,3.113435617784495,2.7677317695910384,3.4591394659779517
0.9,1,8,0.4,ps_forced_reset_ucb,400,12,3.071773465331408,2.7355122055112475,3.4080347251515684
0.9,1,8,0.4,inflight_sco_ucb,10,12,-21.164168485312615,-23.173085255454332,-19.1552517151709
0.9,1,8,0.4,inflight_sco_ucb,20,12,-19.43817038530569,-21.275984258061943,-17.600356512549435
0.9,1,8,0.4,inflight_sco_ucb,30,12,-19.929586318890795,-21.30287219314002,-18.556300444641572
0.9,1,8,0.4,inflight_sco_ucb,40,12,-20.266225413433904,-21.488571817224535,-19.043879009643273
0.9,1,8,0.4,inflight_sco_ucb,50,12,-20.416761359545152,-21.44168221617798,-19.391840502912324
0.9,1,8,0.4,inflight_sco_ucb,60,12,-20.73308559339628,-21.657481747060384,-19.808689439732174
0.9,1,8,0.4,inflight_sco_ucb,70,12,-20.993847033841835,-21.925828628973996,-20.061865438709674
0.9,1,8,0.4,inflight_sco_ucb,80,12,-21.139059504273934,-21.89369567761632,-20.384423330931547
0.9,1,8,0.4,inflight_sco_ucb,90,12,-21.19915235607076,-21.84025316053867,-20.558051551602848
0.9,1,8,0.4,inflight_sco_ucb,100,12,-21.355136339773935,-21.947244022966803,-20.763028656581067
0.9,1,8,0.4,inflight_sco_ucb,110,12,-21.401046921572657,-22.00245647192937,-20.799637371215944
0.9,1,8,0.4,inflight_sco_ucb,120,12,-21.399310113805274,-22.046613935316174,-20.752006292294375
0.9,1,8,0.4,inflight_sco_ucb,130,12,-21.51072451107311,-22.06269529010633,-20.95875373203989
0.9,1,8,0.4,inflight_sco_ucb,140,12,-21.740218056688054,-22.27014064330479,-21.21029547007132
0.9,1,8,0.4,inflight_sco_ucb,150,12,-21.65319595608805,-22.147459330804132,-21.15893258137197
0.9,1,8,0.4,inflight_sco_ucb,160,12,-21.7382502650795,-22.263473381212574,-21.213027148946427
0.9,1,8,0.4,inflight_sco_ucb,170,12,-21.636177501066424,-22.085350543569312,-21.187004458563536
0.9,1,8,0.4,inflight_sco_ucb,180,12,-21.751442153865312,-22.212119836192965,-21.29076447153766
0.9,1,8,0.4,inflight_sco_ucb,190,12,-21.87713138780332,-22.299460741212332,-21.45480203439431
0.9,1,8,0.4,inflight_sco_ucb,200,12,-21.892000372563142,-22.345211905960515,-21.43878883916577
0.9,1,8,0.4,inflight_sco_ucb,210,12,-21.991747081011297,-22.35418183540168,-21.629312326620916
0.9,1,8,0.4,inflight_sco_ucb,220,12,-22.084082284164165,-22.49766719822281,-21.67049737010552
0.9,1,8,0.4,inflight_sco_ucb,230,12,-22.142848320466257,-22.537265786451496,-21.74843085448102
0.9,1,8,0.4,inflight_sco_ucb,240,12,-22.237544169027487,-22.638118045562077,-21.836970292492897
0.9,1,8,0.4,inflight_sco_ucb,250,12,-22.221722873817683,-22.555602758272734,-21.887842989362632
0.9,1,8,0.4,inflight_sco_ucb,260,12,-22.282544496707214,-22.652755870190287,-21.91233312322414
0.9,1,8,0.4,inflight_sco_ucb,270,12,-22.238493691860125,-22.58463072044436,-21.89235666327589
0.9,1,8,0.4,inflight_sco_ucb,280,12,-22.243231847605504,-22.587748396359608,-21.8987152988514
0.9,1,8,0.4,inflight_sco_ucb,290,12,-22.267766610823795,-22.593847860318615,-21.941685361328975
0.9,1,8,0.4,inflight_sco_ucb,300,12,-22.286874702138757,-22.609655842124614,-21.9640935621529
0.9,1,8,0.4,inflight_sco_ucb,310,12,-22.310218943121907,-22.611661536938787,-22.008776349305027
0.9,1,8,0.4,inflight_sco_ucb,320,12,-22.282874968815136,-22.568115175300065,-21.997634762330208
0.9,1,8,0.4,inflight_sco_ucb,330,12,-22.277916741272048,-22.569149549340352,-21.986683933203743
0.9,1,8,0.4,inflight_sco_ucb,340,12,-22.31649097918259,-22.566247557452996,-22.066734400912182
0.9,1,8,0.4,inflight_sco_ucb,350,12,-22.34307274217336,-22.62039941627638,-22.065746068070336
0.9,1,8,0.4,inflight_sco_ucb,360,12,-22.35688722368485,-22.63626228884907,-22.07751215852063
0.9,1,8,0.4,inflight_sco_ucb,370,12,-22.283566051077603,-22.570115465888353,-21.997016636266853
0.9,1,8,0.4,inflight_sco_ucb,380,12,-22.28676649968143,-22.578901607231067,-21.994631392131794
0.9,1,8,0.4,inflight_sco_ucb,390,12,-22.311027017225754,-22.590721749127045,-22.031332285324464
0.9,1,8,0.4,inflight_sco_ucb,400,12,-22.33005695394212,-22.621485466770032,-22.038628441114206
0.9,3,8,0.4,cumulative_ucb_cv,10,12,10.438857816150302,6.588666346593558,14.289049285707044
0.9,3,8,0.4,cumulative_ucb_cv,20,12,11.344438574186364,8.715002678691754,13.973874469680975
0.9,3,8,0.4,cumulative_ucb_cv,30,12,11.298905802929196,9.141599790482807,13.456211815375585
0.9,3,8,0.4,cumulative_ucb_cv,40,12,11.356350297040388,9.368996090799628,13.343704503281147
0.9,3,8,0.4,cumulative_ucb_cv,50,12,11.127986342843272,9.81020806076493,12.445764624921614
0.9,3,8,0.4,cumulative_ucb_cv,60,12,11.020059811693542,9.778887892605228,12.261231730781857
0.9,3,8,0.4,cumulative_ucb_cv,70,12,10.702465564069918,9.555084864086542,11.849846264053294
0.9,3,8,0.4,cumulative_ucb_cv,80,12,10.911685051865485,9.80214636495951,12.021223738771459
0.9,3,8,0.4,cumulative_ucb_cv,90,12,10.909132167558058,9.895086798765796,11.92317753635032
0.9,3,8,0.4,cumulative_ucb_cv,100,12,10.681560942138233,9.621264198046294,11.741857686230173
0.9,3,8,0.4,cumulative_ucb_cv,110,12,10.282497689702376,9.106583236283546,11.458412143121206
0.9,3,8,0.4,cumulative_ucb_cv,120,12,10.174165466620897,8.987388581883039,11.360942351358755
0.9,3,8,0.4,cumulative_ucb_cv,130,12,9.947287635601187,8.788132519429857,11.106442751772517
0.9,3,8,0.4,cumulative_ucb_cv,140,12,9.635053140701528,8.49147225775608,10.778634023646976
0.9,3,8,0.4,cumulative_ucb_cv,150,12,9.580344818460642,8.473768759589717,10.686920877331566
0.9,3,8,0.4,cumulative_ucb_cv,160,12,9.476695303999172,8.340017323532727,10.613373284465617
0.9,3,8,0.4,cumulative_ucb_cv,170,12,9.314319476740947,8.163690382579821,10.464948570902072
0.9,3,8,0.4,cumulative_ucb_cv,180,12,9.221333248109493,8.042610651101914,10.400055845117073
0.9,3,8,0.4,cumulative_ucb_cv,190,12,9.011280916974142,7.882553340349317,10.140008493598966
0.9,3,8,0.4,cumulative_ucb_cv,200,12,8.942959654379022,7.751286678972951,10.134632629785093
0.9,3,8,0.4,cumulative_ucb_cv,210,12,8.873948669034062,7.702422169814137,10.045475168253988
0.9,3,8,0.4,cumulative_ucb_cv,220,12,8.760004957976994,7.61526584620695,9.90474406974704
0.9,3,8,0.4,cumulative_ucb_cv,230,12,8.535109709336657,7.43694168366228,9.633277735011035
0.9,3,8,0.4,cumulative_ucb_cv,240,12,8.388824962212894,7.33057589954308,9.447074024882708
0.9,3,8,0.4,cumulative_ucb_cv,250,12,8.358737811794619,7.365736041633295,9.351739581955943
0.9,3,8,0.4,cumulative_ucb_cv,260,12,8.231182146447283,7.2597520981199235,9.202612194774643
0.9,3,8,0.4,cumulative_ucb_cv,270,12,8.055288118258506,7.133149213320891,8.977427023196121
0.9,3,8,0.4,cumulative_ucb_cv,280,12,8.000847135317143,7.090199529481097,8.911494741153188
0.9,3,8,0.4,cumulative_ucb_cv,290,12,7.917613143543041,6.991452617904903,8.843773669181179
0.9,3,8,0.4,cumulative_ucb_cv,300,12,7.848864791333535,6.866491547375716,8.831238035291355
0.9,3,8,0.4,cumulative_ucb_cv,310,12,7.784616550987532,6.815897513727273,8.753335588247792
0.9,3,8,0.4,cumulative_ucb_cv,320,12,7.69426371751711,6.731962491366886,8.656564943667334
0.9,3,8,0.4,cumulative_ucb_cv,330,12,7.531639625523845,6.583097260595507,8.480181990452184
0.9,3,8,0.4,cumulative_ucb_cv,340,12,7.46630277089157,6.548350391560536,8.384255150222604
0.9,3,8,0.4,cumulative_ucb_cv,350,12,7.402026791785538,6.458404121407369,8.345649462163706
0.9,3,8,0.4,cumulative_ucb_cv,360,12,7.389944406664747,6.419534971538444,8.360353841791051
0.9,3,8,0.4,cumulative_ucb_cv,370,12,7.243972876083337,6.254139592475209,8.233806159691465
0.9,3,8,0.4,cumulative_ucb_cv,380,12,7.221066857337916,6.1819052642038805,8.260228450471951
0.9,3,8,0.4,cumulative_ucb_cv,390,12,7.186587595378253,6.192148399305553,8.181026791450952
0.9,3,8,0.4,cumulative_ucb_cv,400,12,7.14125727435895,6.163478071978455,8.119036476739446
0.9,3,8,0.4,sco_reset_ucb,10,12,10.910903206581535,8.075267838463354,13.746538574699716
0.9,3,8,0.4,sco_reset_ucb,20,12,12.04178569883853,9.520134487218154,14.563436910458904
0.9,3,8,0.4,sco_reset_ucb,30,12,10.870077752277098,9.009317743361988,12.730837761192207
0.9,3,8,0.4,sco_reset_ucb,40,12,9.172565096973132,7.837567176187665,10.5075630177586
0.9,3,8,0.4,sco_reset_ucb,50,12,8.067875974420923,7.017509890670347,9.1182420581715
0.9,3,8,0.4,sco_reset_ucb,60,12,6.968977735490057,5.682765259956243,8.255190211023871
0.9,3,8,0.4,sco_reset_ucb,70,12,6.513913208423233,5.182937944447524,7.844888472398942
0.9,3,8,0.4,sco_reset_ucb,80,12,6.411190548230944,5.286417977626873,7.5359631188350145
0.9,3,8,0.4,sco_reset_ucb,90,12,6.205829836995666,5.084163610353756,7.327496063637576
0.9,3,8,0.4,sco_reset_ucb,100,12,5.870662666191006,4.803446527190527,6.937878805191485
0.9,3,8,0.4,sco_reset_ucb,110,12,5.402928672440887,4.350685513868173,6.455171831013601
0.9,3,8,0.4,sco_reset_ucb,120,12,5.2612597066153155,4.242989366495719,6.279530046734912
0.9,3,8,0.4,sco_reset_ucb,130,12,4.964382256738278,3.914048048196144,6.014716465280412
0.9,3,8,0.4,sco_reset_ucb,140,12,4.694859707662094,3.6200520741829805,5.769667341141208
0.9,3,8,0.4,sco_reset_ucb,150,12,4.625018778431675,3.581348559831823,5.668688997031528
0.9,3,8,0.4,sco_reset_ucb,160,12,4.4684441393021,3.5247572378487395,5.412131040755462
0.9,3,8,0.4,sco_reset_ucb,170,12,4.285539498990844,3.2951412683039,5.275937729677788
0.9,3,8,0.4,sco_reset_ucb,180,12,4.2568347985785175,3.263449293662876,5.250220303494159
0.9,3,8,0.4,sco_reset_ucb,190,12,4.077163609772124,3.2025880799926862,4.951739139551561
0.9,3,8,0.4,sco_reset_ucb,200,12,4.034896756488746,3.131710588224909,4.938082924752583
0.9,3,8,0.4,sco_reset_ucb,210,12,3.9553183250889092,3.047091587620659,4.86354506255716
0.9,3,8,0.4,sco_reset_ucb,220,12,3.9169788692746845,3.027954881604976,4.806002856944393
0.9,3,8,0.4,sco_reset_ucb,230,12,3.843063335660972,2.98215079056252,4.703975880759423
0.9,3,8,0.4,sco_reset_ucb,240,12,3.734538219582619,2.894774159535226,4.574302279630012
0.9,3,8,0.4,sco_reset_ucb,250,12,3.7556908460088465,2.9699977236964066,4.541383968321286
0.9,3,8,0.4,sco_reset_ucb,260,12,3.6654571172476706,2.9143982197807774,4.416516014714564
0.9,3,8,0.4,sco_reset_ucb,270,12,3.6266914949297147,2.92824479204302,4.325138197816409
0.9,3,8,0.4,sco_reset_ucb,280,12,3.681501098983418,2.990006705930135,4.372995492036701
0.9,3,8,0.4,sco_reset_ucb,290,12,3.596944816363814,2.881841797404654,4.312047835322974
0.9,3,8,0.4,sco_reset_ucb,300,12,3.572857171534664,2.8779284414778705,4.267785901591458
0.9,3,8,0.4,sco_reset_ucb,310,12,3.4972738997387327,2.84697303334545,4.147574766132015
0.9,3,8,0.4,sco_reset_ucb,320,12,3.4910854119936734,2.8497198766572787,4.132450947330068
0.9,3,8,0.4,sco_reset_ucb,330,12,3.335321821793171,2.7445103100806643,3.9261333335056774
0.9,3,8,0.4,sco_reset_ucb,340,12,3.28617115248791,2.702744949542341,3.869597355433479
0.9,3,8,0.4,sco_reset_ucb,350,12,3.3044476290122486,2.687651490893287,3.92124376713121
0.9,3,8,0.4,sco_reset_ucb,360,12,3.3148625426549376,2.692752958487684,3.9369721268221913
0.9,3,8,0.4,sco_reset_ucb,370,12,3.288304259873165,2.658779132342516,3.9178293874038137
0.9,3,8,0.4,sco_reset_ucb,380,12,3.198411372534976,2.5294514615471004,3.8673712835228513
0.9,3,8,0.4,sco_reset_ucb,390,12,3.1730343366419262,2.5113959446626426,3.83467272862121
0.9,3,8,0.4,sco_reset_ucb,400,12,3.181108521240265,2.541847634079051,3.8203694084014796
0.9,3,8,0.4,ps_forced_reset_ucb,10,12,1.728252032586754,-2.156356552499241,5.61286061767275
0.9,3,8,0.4,ps_forced_reset_ucb,20,12,6.363056056710789,3.9679934949194946,8.758118618502085
0.9,3,8,0.4,ps_forced_reset_ucb,30,12,6.998524259826463,4.982529043721369,9.014519475931557
0.9,3,8,0.4,ps_forced_reset_ucb,40,12,6.567262656712039,5.213873801648762,7.920651511775316
0.9,3,8,0.4,ps_forced_reset_ucb,50,12,6.212287721062533,5.0469145824716755,7.377660859653391
0.9,3,8,0.4,ps_forced_reset_ucb,60,12,4.512251009263863,3.5160838501900415,5.508418168337683
0.9,3,8,0.4,ps_forced_reset_ucb,70,12,4.191787625948762,3.1670749454574496,5.216500306440074
0.9,3,8,0.4,ps_forced_reset_ucb,80,12,4.245589459023262,3.3002192703233835,5.19095964772314
0.9,3,8,0.4,ps_forced_reset_ucb,90,12,4.1671149458426555,3.375854361065642,4.958375530619669
0.9,3,8,0.4,ps_forced_reset_ucb,100,12,4.131058886127198,3.3450955791358625,4.917022193118533
0.9,3,8,0.4,ps_forced_reset_ucb,110,12,3.385034647737075,2.6554263110433256,4.114642984430825
0.9,3,8,0.4,ps_forced_reset_ucb,120,12,3.214970791758139,2.46230662674503,3.9676349567712483
0.9,3,8,0.4,ps_forced_reset_ucb,130,12,3.06784660169231,2.2173474327568874,3.9183457706277327
0.9,3,8,0.4,ps_forced_reset_ucb,140,12,3.14590079959007,2.3732840438092775,3.918517555370862
0.9,3,8,0.4,ps_forced_reset_ucb,150,12,3.0408403947394524,2.2859579056735035,3.7957228838054013
0.9,3,8,0.4,ps_forced_reset_ucb,160,12,2.5343703090481857,1.8528652701869865,3.215875347909385
0.9,3,8,0.4,ps_forced_reset_ucb,170,12,2.2919883178154947,1.5990991733771767,2.984877462253813
0.9,3,8,0.4,ps_forced_reset_ucb,180,12,2.2003421417154976,1.5249712961112394,2.8757129873197558
0.9,3,8,0.4,ps_forced_reset_ucb,190,12,2.232243494121733,1.5682653644615918,2.896221623781874
0.9,3,8,0.4,ps_forced_reset_ucb,200,12,2.3427775456506,1.6348393185984134,3.050715772702787
0.9,3,8,0.4,ps_forced_reset_ucb,210,12,2.0844117136483966,1.3823333807977938,2.7864900464989995
0.9,3,8,0.4,ps_forced_reset_ucb,220,12,2.0463689098406737,1.3635777799092565,2.7291600397720908
0.9,3,8,0.4,ps_forced_reset_ucb,230,12,1.9615812214538213,1.282426057283927,2.6407363856237156
0.9,3,8,0.4,ps_forced_reset_ucb,240,12,2.000118953144719,1.318083523674233,2.6821543826152054
0.9,3,8,0.4,ps_forced_reset_ucb,250,12,2.05490538511704,1.3836829943088382,2.7261277759252414
0.9,3,8,0.4,ps_forced_reset_ucb,260,12,1.826627934173821,1.2319221750590414,2.4213336932886005
0.9,3,8,0.4,ps_forced_reset_ucb,270,12,1.7298300933456134,1.130601006080071,2.329059180611156
0.9,3,8,0.4,ps_forced_reset_ucb,280,12,1.7584847514769557,1.1377022716936873,2.379267231260224
0.9,3,8,0.4,ps_forced_reset_ucb,290,12,1.735359528978229,1.105228687195057,2.3654903707614015
0.9,3,8,0.4,ps_forced_reset_ucb,300,12,1.7512355419843972,1.061101318840033,2.4413697651287616
0.9,3,8,0.4,ps_forced_reset_ucb,310,12,1.535532052140935,0.8976215574019447,2.1734425468799254
0.9,3,8,0.4,ps_forced_reset_ucb,320,12,1.4187559234192468,0.7903348681706509,2.0471769786678427
0.9,3,8,0.4,ps_forced_reset_ucb,330,12,1.3258350693521566,0.7231713979952608,1.9284987407090524
0.9,3,8,0.4,ps_forced_reset_ucb,340,12,1.3710593868146252,0.7910492022099385,1.951069571419312
0.9,3,8,0.4,ps_forced_reset_ucb,350,12,1.4010199893030097,0.822958566245498,1.9790814123605216
0.9,3,8,0.4,ps_forced_reset_ucb,360,12,1.3366813868567418,0.7602317703513345,1.9131310033621491
0.9,3,8,0.4,ps_forced_reset_ucb,370,12,1.278597777328688,0.7090808262064077,1.8481147284509685
0.9,3,8,0.4,ps_forced_reset_ucb,380,12,1.2488613493488565,0.6654559650935999,1.8322667336041132
0.9,3,8,0.4,ps_forced_reset_ucb,390,12,1.3140726472129698,0.7457485226401912,1.8823967717857484
0.9,3,8,0.4,ps_forced_reset_ucb,400,12,1.3677333421506102,0.8045190002642286,1.9309476840369917
0.9,3,8,0.4,inflight_sco_ucb,10,12,-36.1690524105045,-39.016761250148484,-33.32134357086051
0.9,3,8,0.4,inflight_sco_ucb,20,12,-34.76359936489225,-36.6969865664743,-32.8302121633102
0.9,3,8,0.4,inflight_sco_ucb,30,12,-34.56195237538285,-36.09442926351992,-33.02947548724578
0.9,3,8,0.4,inflight_sco_ucb,40,12,-34.626405335640335,-35.80456928747572,-33.44824138380495
0.9,3,8,0.4,inflight_sco_ucb,50,12,-34.76926072144489,-35.7858810474113,-33.75264039547847
0.9,3,8,0.4,inflight_sco_ucb,60,12,-35.04816060914995,-35.89762624699295,-34.198694971306956
0.9,3,8,0.4,inflight_sco_ucb,70,12,-35.116602133480065,-35.79697078988767,-34.436233477072456
0.9,3,8,0.4,inflight_sco_ucb,80,12,-35.1497941475862,-35.823943684878955,-34.47564461029344
0.9,3,8,0.4,inflight_sco_ucb,90,12,-35.085418181513006,-35.69554509598014,-34.475291267045876
0.9,3,8,0.4,inflight_sco_ucb,100,12,-35.05892730597043,-35.63219633914488,-34.48565827279597
0.9,3,8,0.4,inflight_sco_ucb,110,12,-35.26910916928908,-35.87484969733974,-34.66336864123842
0.9,3,8,0.4,inflight_sco_ucb,120,12,-35.2554824353922,-35.87232326174226,-34.638641609042146
0.9,3,8,0.4,inflight_sco_ucb,130,12,-35.28862474638519,-35.92482419549246,-34.652425297277915
0.9,3,8,0.4,inflight_sco_ucb,140,12,-35.39452230059388,-36.04054709271013,-34.74849750847763
0.9,3,8,0.4,inflight_sco_ucb,150,12,-35.440186040445106,-36.11169994383774,-34.76867213705247
0.9,3,8,0.4,inflight_sco_ucb,160,12,-35.5416031977027,-36.20561016832218,-34.87759622708322
0.9,3,8,0.4,inflight_sco_ucb,170,12,-35.634266091943935,-36.27275121018561,-34.99578097370226
0.9,3,8,0.4,inflight_sco_ucb,180,12,-35.699732020914674,-36.34569764671073,-35.053766395118615
0.9,3,8,0.4,inflight_sco_ucb,190,12,-35.82990718930098,-36.464519689925545,-35.19529468867642
0.9,3,8,0.4,inflight_sco_ucb,200,12,-35.78575318954761,-36.44315799249577,-35.128348386599455
0.9,3,8,0.4,inflight_sco_ucb,210,12,-35.83691465784393,-36.5024586912993,-35.17137062438855
0.9,3,8,0.4,inflight_sco_ucb,220,12,-35.8707071377431,-36.50058227593146,-35.24083199955475
0.9,3,8,0.4,inflight_sco_ucb,230,12,-35.890496603940846,-36.536209650570754,-35.24478355731094
0.9,3,8,0.4,inflight_sco_ucb,240,12,-35.9188833916162,-36.58416853799018,-35.253598245242216
0.9,3,8,0.4,inflight_sco_ucb,250,12,-35.88489418055304,-36.55622708801883,-35.21356127308725
0.9,3,8,0.4,inflight_sco_ucb,260,12,-35.94259254366284,-36.603191058722864,-35.28199402860282
0.9,3,8,0.4,inflight_sco_ucb,270,12,-35.97269385037337,-36.621553987657016,-35.32383371308972
0.9,3,8,0.4,inflight_sco_ucb,280,12,-35.94756743137949,-36.601411831255575,-35.293723031503404
0.9,3,8,0.4,inflight_sco_ucb,290,12,-35.99539847830037,-36.64769757857568,-35.343099378025066
0.9,3,8,0.4,inflight_sco_ucb,300,12,-36.02696696739195,-36.68969888555949,-35.36423504922441
0.9,3,8,0.4,inflight_sco_ucb,310,12,-36.05800007617315,-36.67115025267165,-35.44484989967465
0.9,3,8,0.4,inflight_sco_ucb,320,12,-36.07220827565128,-36.68900800133292,-35.45540854996963
0.9,3,8,0.4,inflight_sco_ucb,330,12,-36.13727693180165,-36.7252029388426,-35.5493509247607
0.9,3,8,0.4,inflight_sco_ucb,340,12,-36.11706012588308,-36.72043225652363,-35.51368799524253
0.9,3,8,0.4,inflight_sco_ucb,350,12,-36.12902784240658,-36.72350071552219,-35.534554969290966
0.9,3,8,0.4,inflight_sco_ucb,360,12,-36.14880724156865,-36.734147134191396,-35.5634673489459
0.9,3,8,0.4,inflight_sco_ucb,370,12,-36.18773838399533,-36.76190786885292,-35.61356889913774
0.9,3,8,0.4,inflight_sco_ucb,380,12,-36.21340660324775,-36.79360055474104,-35.633212651754455
0.9,3,8,0.4,inflight_sco_ucb,390,12,-36.21395059994557,-36.783061624429955,-35.644839575461184
0.9,3,8,0.4,inflight_sco_ucb,400,12,-36.22511426115107,-36.788353558505314,-35.661874963796826
0.9,5,8,0.4,cumulative_ucb_cv,10,12,7.504951451365387,1.8840576438679308,13.125845258862842
0.9,5,8,0.4,cumulative_ucb_cv,20,12,10.357142197087724,7.798711476129364,12.915572918046083
0.9,5,8,0.4,cumulative_ucb_cv,30,12,11.508086191283994,8.725892890429428,14.29027949213856
0.9,5,8,0.4,cumulative_ucb_cv,40,12,11.530331455736208,9.373037774038192,13.687625137434225
0.9,5,8,0.4,cumulative_ucb_cv,50,12,11.768012866097957,10.017695944224192,13.518329787971721
0.9,5,8,0.4,cumulative_ucb_cv,60,12,11.56688572265275,9.958568728975955,13.175202716329544
0.9,5,8,0.4,cumulative_ucb_cv,70,12,11.26039392402033,9.87448685767625,12.64630099036441
0.9,5,8,0.4,cumulative_ucb_cv,80,12,10.83562450892214,9.534594972708668,12.13665404513561
0.9,5,8,0.4,cumulative_ucb_cv,90,12,11.091059148917028,9.684794825666737,12.497323472167318
0.9,5,8,0.4,cumulative_ucb_cv,100,12,10.96504261463317,9.702920480890956,12.227164748375383
0.9,5,8,0.4,cumulative_ucb_cv,110,12,10.586033456564879,9.485491124678607,11.686575788451151
0.9,5,8,0.4,cumulative_ucb_cv,120,12,10.4600327888099,9.422037082568712,11.498028495051086
0.9,5,8,0.4,cumulative_ucb_cv,130,12,10.164560547982449,9.012066648172523,11.317054447792374
0.9,5,8,0.4,cumulative_ucb_cv,140,12,9.938763371432374,8.843661362470861,11.033865380393888
0.9,5,8,0.4,cumulative_ucb_cv,150,12,10.027452476648012,8.737695462004982,11.317209491291042
0.9,5,8,0.4,cumulative_ucb_cv,160,12,9.737116725924514,8.568109670804759,10.906123781044268
0.9,5,8,0.4,cumulative_ucb_cv,170,12,9.766472212960895,8.62337862814249,10.909565797779301
0.9,5,8,0.4,cumulative_ucb_cv,180,12,9.47161815832636,8.380826333015381,10.562409983637338
0.9,5,8,0.4,cumulative_ucb_cv,190,12,9.238456156993172,8.172258441585912,10.304653872400431
0.9,5,8,0.4,cumulative_ucb_cv,200,12,8.993806408163875,7.839718869108139,10.147893947219611
0.9,5,8,0.4,cumulative_ucb_cv,210,12,8.750974976163679,7.677505900417973,9.824444051909385
0.9,5,8,0.4,cumulative_ucb_cv,220,12,8.784666480278577,7.730673041817072,9.838659918740083
0.9,5,8,0.4,cumulative_ucb_cv,230,12,8.482066131405285,7.480336553531016,9.483795709279553
0.9,5,8,0.4,cumulative_ucb_cv,240,12,8.24197737465641,7.248714815288886,9.235239934023932
0.9,5,8,0.4,cumulative_ucb_cv,250,12,8.196825847456871,7.29309112236191,9.100560572551831
0.9,5,8,0.4,cumulative_ucb_cv,260,12,8.066773632913124,7.116756290723276,9.016790975102971
0.9,5,8,0.4,cumulative_ucb_cv,270,12,7.991109416446786,7.153451850223915,8.828766982669658
0.9,5,8,0.4,cumulative_ucb_cv,280,12,7.895689194033911,6.99021854295296,8.80115984511486
0.9,5,8,0.4,cumulative_ucb_cv,290,12,7.916925109975825,7.013358317892593,8.820491902059057
0.9,5,8,0.4,cumulative_ucb_cv,300,12,7.77502259005196,6.774593725277334,8.775451454826587
0.9,5,8,0.4,cumulative_ucb_cv,310,12,7.7308735673694615,6.733363643063124,8.7283834916758
0.9,5,8,0.4,cumulative_ucb_cv,320,12,7.590833023392036,6.637439569264738,8.544226477519333
0.9,5,8,0.4,cumulative_ucb_cv,330,12,7.4644518628933225,6.486577987256752,8.442325738529892
0.9,5,8,0.4,cumulative_ucb_cv,340,12,7.361355387113488,6.407856616730763,8.314854157496212
0.9,5,8,0.4,cumulative_ucb_cv,350,12,7.336100002002007,6.381302437500871,8.290897566503142
0.9,5,8,0.4,cumulative_ucb_cv,360,12,7.326724585018876,6.390905170994284,8.262543999043467
0.9,5,8,0.4,cumulative_ucb_cv,370,12,7.281258670889751,6.320856849606153,8.241660492173349
0.9,5,8,0.4,cumulative_ucb_cv,380,12,7.222319272062085,6.2334039221393835,8.211234621984785
0.9,5,8,0.4,cumulative_ucb_cv,390,12,7.1677090207687035,6.234056567605495,8.101361473931913
0.9,5,8,0.4,cumulative_ucb_cv,400,12,7.130159022615942,6.169407502979028,8.090910542252857
0.9,5,8,0.4,sco_reset_ucb,10,12,5.823966878801888,0.35065129089342406,11.297282466710351
0.9,5,8,0.4,sco_reset_ucb,20,12,10.179580305075175,7.523995540767851,12.8351650693825
0.9,5,8,0.4,sco_reset_ucb,30,12,10.126066085851336,7.440957561678922,12.811174610023752
0.9,5,8,0.4,sco_reset_ucb,40,12,9.021278964355801,7.06589519341056,10.976662735301042
0.9,5,8,0.4,sco_reset_ucb,50,12,8.633572195057157,7.068435165340608,10.198709224773706
0.9,5,8,0.4,sco_reset_ucb,60,12,7.621875015579023,5.982320030246003,9.261430000912043
0.9,5,8,0.4,sco_reset_ucb,70,12,6.997342237635621,5.58956203897084,8.405122436300402
0.9,5,8,0.4,sco_reset_ucb,80,12,6.427905086926361,4.978680588449928,7.877129585402795
0.9,5,8,0.4,sco_reset_ucb,90,12,6.402256297287611,5.078371076976168,7.7261415175990535
0.9,5,8,0.4,sco_reset_ucb,100,12,6.133510618031633,4.9014709329461175,7.365550303117149
0.9,5,8,0.4,sco_reset_ucb,110,12,5.881142426560499,4.823186307498176,6.939098545622821
0.9,5,8,0.4,sco_reset_ucb,120,12,5.627036339445958,4.561187934453358,6.692884744438558
0.9,5,8,0.4,sco_reset_ucb,130,12,5.5251133327118085,4.41319582641815,6.637030839005467
0.9,5,8,0.4,sco_reset_ucb,140,12,5.315370021637324,4.233098444332054,6.397641598942593
0.9,5,8,0.4,sco_reset_ucb,150,12,5.346418925117333,4.20073542078031,6.492102429454356
0.9,5,8,0.4,sco_reset_ucb,160,12,5.215210825523436,4.132429349396199,6.297992301650673
0.9,5,8,0.4,sco_reset_ucb,170,12,5.216161003283124,4.122251689157015,6.310070317409232
0.9,5,8,0.4,sco_reset_ucb,180,12,4.946333370979779,3.880375492079713,6.012291249879846
0.9,5,8,0.4,sco_reset_ucb,190,12,4.811426763387901,3.7760314589611657,5.846822067814637
0.9,5,8,0.4,sco_reset_ucb,200,12,4.520328294160774,3.5008834223678056,5.539773165953743
0.9,5,8,0.4,sco_reset_ucb,210,12,4.257309495012315,3.1745182747333187,5.340100715291311
0.9,5,8,0.4,sco_reset_ucb,220,12,4.325249377189901,3.303649103406929,5.346849650972873
0.9,5,8,0.4,sco_reset_ucb,230,12,4.087860731426255,3.106598239911004,5.0691232229415055
0.9,5,8,0.4,sco_reset_ucb,240,12,3.8271914031300445,2.855682220235897,4.798700586024192
0.9,5,8,0.4,sco_reset_ucb,250,12,3.7513249672437206,2.8282720836158344,4.674377850871607
0.9,5,8,0.4,sco_reset_ucb,260,12,3.708133755207325,2.730154717188917,4.686112793225733
0.9,5,8,0.4,sco_reset_ucb,270,12,3.75968472865226,2.778032295932097,4.741337161372423
0.9,5,8,0.4,sco_reset_ucb,280,12,3.7055224038004617,2.7741559122121444,4.636888895388779
0.9,5,8,0.4,sco_reset_ucb,290,12,3.762829319273955,2.8370505871949616,4.688608051352948
0.9,5,8,0.4,sco_reset_ucb,300,12,3.567470910490935,2.668213715254371,4.466728105727499
0.9,5,8,0.4,sco_reset_ucb,310,12,3.5948644831585312,2.7234360568328335,4.4662929094842285
0.9,5,8,0.4,sco_reset_ucb,320,12,3.5432372059969874,2.66958489428696,4.416889517707014
0.9,5,8,0.4,sco_reset_ucb,330,12,3.5331513638506675,2.6691898891200267,4.397112838581308
0.9,5,8,0.4,sco_reset_ucb,340,12,3.4943786496045406,2.6410033647052105,4.347753934503871
0.9,5,8,0.4,sco_reset_ucb,350,12,3.518101228729881,2.658960865106386,4.377241592353376
0.9,5,8,0.4,sco_reset_ucb,360,12,3.526251952120218,2.7061939418835865,4.34630996235685
0.9,5,8,0.4,sco_reset_ucb,370,12,3.523519201868053,2.680667710478263,4.366370693257842
0.9,5,8,0.4,sco_reset_ucb,380,12,3.4558470089575644,2.6713677550336,4.240326262881529
0.9,5,8,0.4,sco_reset_ucb,390,12,3.4217621514261913,2.645327671230384,4.1981966316219985
0.9,5,8,0.4,sco_reset_ucb,400,12,3.3941518437244707,2.6423285436108803,4.145975143838061
0.9,5,8,0.4,ps_forced_reset_ucb,10,12,1.014249869824041,-3.1933515844986893,5.221851324146771
0.9,5,8,0.4,ps_forced_reset_ucb,20,12,1.144112959092533,-1.3221255133210355,3.6103514315061016
0.9,5,8,0.4,ps_forced_reset_ucb,30,12,4.404737369615795,2.088398478473132,6.7210762607584575
0.9,5,8,0.4,ps_forced_reset_ucb,40,12,3.977426568925516,1.9962263647498228,5.958626773101209
0.9,5,8,0.4,ps_forced_reset_ucb,50,12,4.112089401335829,2.369163258315735,5.855015544355922
0.9,5,8,0.4,ps_forced_reset_ucb,60,12,2.7196374517545716,1.152455320968381,4.286819582540762
0.9,5,8,0.4,ps_forced_reset_ucb,70,12,1.1956706874224678,-0.14165570333120425,2.53299707817614
0.9,5,8,0.4,ps_forced_reset_ucb,80,12,1.4248030605210282,0.31205826749786136,2.5375478535441953
0.9,5,8,0.4,ps_forced_reset_ucb,90,12,1.7498671672901474,0.6334729222554771,2.8662614123248176
0.9,5,8,0.4,ps_forced_reset_ucb,100,12,1.7980784250693083,0.7372331000503833,2.858923750088233
0.9,5,8,0.4,ps_forced_reset_ucb,110,12,1.6092975125151694,0.6861764251991063,2.5324185998312325
0.9,5,8,0.4,ps_forced_reset_ucb,120,12,0.7107210197761663,-0.19439965870138753,1.6158416982537203
0.9,5,8,0.4,ps_forced_reset_ucb,130,12,1.1676991108354877,0.1664172127008936,2.168981008970082
0.9,5,8,0.4,ps_forced_reset_ucb,140,12,1.0846732023760064,0.2208936021680571,1.9484528025839558
0.9,5,8,0.4,ps_forced_reset_ucb,150,12,1.4316479685146175,0.5606029024055007,2.302693034623734
0.9,5,8,0.4,ps_forced_reset_ucb,160,12,1.1717674635626312,0.3209921470704289,2.0225427800548337
0.9,5,8,0.4,ps_forced_reset_ucb,170,12,0.6567751714852762,-0.13175514957176682,1.4453054925423192
0.9,5,8,0.4,ps_forced_reset_ucb,180,12,0.7291803777139053,0.01227657314139241,1.4460841822864183
0.9,5,8,0.4,ps_forced_reset_ucb,190,12,0.757794152408923,0.015298971590205657,1.5002893332276404
0.9,5,8,0.4,ps_forced_reset_ucb,200,12,0.7049838151705762,-0.028155785940782385,1.4381234162819347
0.9,5,8,0.4,ps_forced_reset_ucb,210,12,0.42309727251916196,-0.3401038077335604,1.1862983527718844
0.9,5,8,0.4,ps_forced_reset_ucb,220,12,-0.0287433286967916,-0.8089050723491611,0.7514184149555778
0.9,5,8,0.4,ps_forced_reset_ucb,230,12,0.1679462494257498,-0.5814477561809166,0.9173402550324161
0.9,5,8,0.4,ps_forced_reset_ucb,240,12,0.1515541541908629,-0.5956676686935619,0.8987759770752878
0.9,5,8,0.4,ps_forced_reset_ucb,250,12,0.13976254677106706,-0.5788765840368454,0.8584016775789794
0.9,5,8,0.4,ps_forced_reset_ucb,260,12,0.1240551577128407,-0.620050462065654,0.8681607774913354
0.9,5,8,0.4,ps_forced_reset_ucb,270,12,-0.26654298903266144,-0.9490939483018617,0.41600797023653874
0.9,5,8,0.4,ps_forced_reset_ucb,280,12,-0.11988692589067577,-0.8009325776145818,0.5611587258332303
0.9,5,8,0.4,ps_forced_reset_ucb,290,12,-0.14510860384526944,-0.8372752309643219,0.547058023273783
0.9,5,8,0.4,ps_forced_reset_ucb,300,12,-0.13013052264632582,-0.7793401889214161,0.5190791436287644
0.9,5,8,0.4,ps_forced_reset_ucb,310,12,-0.2699276775933022,-0.9423676329616912,0.40251227777508675
0.9,5,8,0.4,ps_forced_reset_ucb,320,12,-0.6436264242530659,-1.2884045261651949,0.0011516776590628774
0.9,5,8,0.4,ps_forced_reset_ucb,330,12,-0.47937961438541676,-1.0657818040193898,0.1070225752485563
0.9,5,8,0.4,ps_forced_reset_ucb,340,12,-0.48418389113366883,-1.0504354202709425,0.08206763800360478
0.9,5,8,0.4,ps_forced_reset_ucb,350,12,-0.48311027387051375,-1.0613439782904748,0.09512343054944739
0.9,5,8,0.4,ps_forced_reset_ucb,360,12,-0.4467228178817839,-1.017409927426794,0.1239642916632262
0.9,5,8,0.4,ps_forced_reset_ucb,370,12,-0.6809856102367867,-1.2955587451923132,-0.06641247528126026
0.9,5,8,0.4,ps_forced_reset_ucb,380,12,-0.5036841341728965,-1.0318360184367545,0.024467750090961582
0.9,5,8,0.4,ps_forced_reset_ucb,390,12,-0.46854475182913546,-0.9996452642560417,0.0625557605977708
0.9,5,8,0.4,ps_forced_reset_ucb,400,12,-0.34363814433431283,-0.8688943817608529,0.1816180930922272
0.9,5,8,0.4,inflight_sco_ucb,10,12,-41.249602865313555,-43.367329654828545,-39.131876075798566
0.9,5,8,0.4,inflight_sco_ucb,20,12,-38.97663865981628,-39.98412970155199,-37.96914761808057
0.9,5,8,0.4,inflight_sco_ucb,30,12,-38.213799315846295,-39.26936355958067,-37.15823507211192
0.9,5,8,0.4,inflight_sco_ucb,40,12,-38.55268858359823,-39.360142994181984,-37.74523417301448
0.9,5,8,0.4,inflight_sco_ucb,50,12,-38.62160504309323,-39.38398499524652,-37.859225090939944
0.9,5,8,0.4,inflight_sco_ucb,60,12,-38.78020655822146,-39.59627291881066,-37.964140197632254
0.9,5,8,0.4,inflight_sco_ucb,70,12,-38.78532890685849,-39.532424995730544,-38.03823281798643
0.9,5,8,0.4,inflight_sco_ucb,80,12,-38.72847887917123,-39.53891768347855,-37.9180400748639
0.9,5,8,0.4,inflight_sco_ucb,90,12,-38.54432342782839,-39.27930079401925,-37.80934606163753
0.9,5,8,0.4,inflight_sco_ucb,100,12,-38.57078542493094,-39.26397002870297,-37.87760082115891
0.9,5,8,0.4,inflight_sco_ucb,110,12,-38.599648355083964,-39.22496833767849,-37.97432837248944
0.9,5,8,0.4,inflight_sco_ucb,120,12,-38.620295724421155,-39.29303387365268,-37.94755757518963
0.9,5,8,0.4,inflight_sco_ucb,130,12,-38.642029118103665,-39.2782143560003,-38.00584388020703
0.9,5,8,0.4,inflight_sco_ucb,140,12,-38.79829922223133,-39.46931957247319,-38.12727887198947
0.9,5,8,0.4,inflight_sco_ucb,150,12,-38.77394085948143,-39.47390055271365,-38.073981166249204
0.9,5,8,0.4,inflight_sco_ucb,160,12,-38.846528097960324,-39.571647721755646,-38.121408474165
0.9,5,8,0.4,inflight_sco_ucb,170,12,-38.809816873568025,-39.54072008478346,-38.07891366235259
0.9,5,8,0.4,inflight_sco_ucb,180,12,-38.8496648194403,-39.56883188285685,-38.13049775602375
0.9,5,8,0.4,inflight_sco_ucb,190,12,-38.82951054468338,-39.51834258187175,-38.14067850749501
0.9,5,8,0.4,inflight_sco_ucb,200,12,-38.89842151655827,-39.60546907864302,-38.19137395447353
0.9,5,8,0.4,inflight_sco_ucb,210,12,-39.01604779746302,-39.70696035808083,-38.325135236845206
0.9,5,8,0.4,inflight_sco_ucb,220,12,-39.00317199594793,-39.708259669594135,-38.298084322301726
0.9,5,8,0.4,inflight_sco_ucb,230,12,-39.05905009576542,-39.77668704929739,-38.341413142233456
0.9,5,8,0.4,inflight_sco_ucb,240,12,-39.10952712169248,-39.83248028444654,-38.38657395893842
0.9,5,8,0.4,inflight_sco_ucb,250,12,-39.08056366449933,-39.77267606375256,-38.3884512652461
0.9,5,8,0.4,inflight_sco_ucb,260,12,-39.10375041731036,-39.81517151805493,-38.392329316565785
0.9,5,8,0.4,inflight_sco_ucb,270,12,-39.16172289707403,-39.83160556081995,-38.491840233328105
0.9,5,8,0.4,inflight_sco_ucb,280,12,-39.1773224384066,-39.82954595619395,-38.52509892061925
0.9,5,8,0.4,inflight_sco_ucb,290,12,-39.1581833858342,-39.782335821022215,-38.534030950646184
0.9,5,8,0.4,inflight_sco_ucb,300,12,-39.23885218124007,-39.84727270021331,-38.63043166226683
0.9,5,8,0.4,inflight_sco_ucb,310,12,-39.254961049256195,-39.8725748556423,-38.63734724287009
0.9,5,8,0.4,inflight_sco_ucb,320,12,-39.30441059059406,-39.914047164998685,-38.694774016189434
0.9,5,8,0.4,inflight_sco_ucb,330,12,-39.30478325907473,-39.901332551292086,-38.70823396685738
0.9,5,8,0.4,inflight_sco_ucb,340,12,-39.336680646270686,-39.94108561644611,-38.73227567609526
0.9,5,8,0.4,inflight_sco_ucb,350,12,-39.342511118578045,-39.9406605141541,-38.744361723001994
0.9,5,8,0.4,inflight_sco_ucb,360,12,-39.34863640008704,-39.93456357959017,-38.76270922058391
0.9,5,8,0.4,inflight_sco_ucb,370,12,-39.34150773212913,-39.951721589396925,-38.731293874861336
0.9,5,8,0.4,inflight_sco_ucb,380,12,-39.36572340808064,-39.95542606918913,-38.77602074697215
0.9,5,8,0.4,inflight_sco_ucb,390,12,-39.37089877031794,-39.95353897513238,-38.788258565503504
0.9,5,8,0.4,inflight_sco_ucb,400,12,-39.3905063663404,-39.95741845195113,-38.823594280729665
